Plot Title: 20628542,,,,,,,,
#,"Date Time, GMT+03:00","Temp, °C (LGR S/N: 20628542, SEN S/N: 20628542, LBL: Temp)","Intensity, Lux (LGR S/N: 20628542, SEN S/N: 20628542, LBL: Light)",Coupler Detached (LGR S/N: 20628542),Coupler Attached (LGR S/N: 20628542),Host Connected (LGR S/N: 20628542),Stopped (LGR S/N: 20628542),End Of File (LGR S/N: 20628542)
1,02/10/2020 15:32,33.014,0,,,,,
2,02/10/2020 15:33,,,Logged,,,,
3,02/10/2020 16:32,28.655,7577.8,,,,,
4,02/10/2020 17:32,28.357,2927.8,,,,,
5,02/10/2020 18:32,28.258,387.5,,,,,
6,02/10/2020 19:32,28.159,0,,,,,
7,02/10/2020 20:32,28.258,0,,,,,
8,02/10/2020 21:32,27.961,0,,,,,
9,02/10/2020 22:32,27.862,0,,,,,
10,02/10/2020 23:32,27.764,0,,,,,
11,02/11/2020 00:32,27.567,0,,,,,
12,02/11/2020 01:32,28.06,0,,,,,
13,02/11/2020 02:32,27.961,0,,,,,
14,02/11/2020 03:32,27.961,0,,,,,
15,02/11/2020 04:32,27.961,0,,,,,
16,02/11/2020 05:32,27.961,0,,,,,
17,02/11/2020 06:32,27.862,215.3,,,,,
18,02/11/2020 07:32,27.961,4650,,,,,
19,02/11/2020 08:32,28.159,16533.4,,,,,
20,02/11/2020 09:32,28.456,15155.7,,,,,
21,02/11/2020 10:32,30.457,115734.1,,,,,
22,02/11/2020 11:32,38.157,231468.2,,,,,
23,02/11/2020 12:32,38.046,231468.2,,,,,
24,02/11/2020 13:32,32.188,63378.2,,,,,
25,02/11/2020 14:32,29.853,52355.9,,,,,
26,02/11/2020 15:32,29.452,16533.4,,,,,
27,02/11/2020 16:32,29.152,7577.8,,,,,
28,02/11/2020 17:32,28.853,2755.6,,,,,
29,02/11/2020 18:32,28.754,258.3,,,,,
30,02/11/2020 19:32,28.555,0,,,,,
31,02/11/2020 20:32,28.555,0,,,,,
32,02/11/2020 21:32,28.555,0,,,,,
33,02/11/2020 22:32,28.456,0,,,,,
34,02/11/2020 23:32,28.357,0,,,,,
35,02/12/2020 00:32,28.258,0,,,,,
36,02/12/2020 01:32,28.258,0,,,,,
37,02/12/2020 02:32,28.357,0,,,,,
38,02/12/2020 03:32,28.357,0,,,,,
39,02/12/2020 04:32,28.258,0,,,,,
40,02/12/2020 05:32,28.258,0,,,,,
41,02/12/2020 06:32,28.258,183,,,,,
42,02/12/2020 07:32,28.357,3616.7,,,,,
43,02/12/2020 08:32,28.555,10677.8,,,,,
44,02/12/2020 09:32,29.053,33066.9,,,,,
45,02/12/2020 10:32,29.352,22044.6,,,,,
46,02/12/2020 11:32,32.394,121245.2,,,,,
47,02/12/2020 12:32,36.946,242490.5,,,,,
48,02/12/2020 13:32,33.743,52355.9,,,,,
49,02/12/2020 14:32,30.862,38578,,,,,
50,02/12/2020 15:32,29.752,21355.7,,,,,
51,02/12/2020 16:32,28.853,9300.1,,,,,
52,02/12/2020 17:32,28.754,3444.5,,,,,
53,02/12/2020 18:32,28.555,236.8,,,,,
54,02/12/2020 19:32,28.655,0,,,,,
55,02/12/2020 20:32,28.555,0,,,,,
56,02/12/2020 21:32,28.754,0,,,,,
57,02/12/2020 22:32,28.555,0,,,,,
58,02/12/2020 23:32,28.456,0,,,,,
59,02/13/20 12:32:59 AM,28.357,0,,,,,
60,02/13/20 01:32:59 AM,28.258,0,,,,,
61,02/13/20 02:32:59 AM,28.456,0,,,,,
62,02/13/20 03:32:59 AM,28.456,0,,,,,
63,02/13/20 04:32:59 AM,28.655,0,,,,,
64,02/13/20 05:32:59 AM,28.655,0,,,,,
65,02/13/20 06:32:59 AM,28.655,21.5,,,,,
66,02/13/20 07:32:59 AM,28.754,2927.8,,,,,
67,02/13/20 08:32:59 AM,28.953,8611.2,,,,,
68,02/13/20 09:32:59 AM,29.053,23422.4,,,,,
69,02/13/20 10:32:59 AM,29.652,37200.2,,,,,
70,02/13/20 11:32:59 AM,30.558,55111.5,,,,,
71,02/13/20 12:32:59 PM,32.911,126756.4,,,,,
72,02/13/20 01:32:59 PM,33.326,57867,,,,,
73,02/13/20 02:32:59 PM,32.291,44089.2,,,,,
74,02/13/20 03:32:59 PM,30.457,16533.4,,,,,
75,02/13/20 04:32:59 PM,29.352,11022.3,,,,,
76,02/13/20 05:32:59 PM,29.053,3100,,,,,
77,02/13/20 06:32:59 PM,28.953,226,,,,,
78,02/13/20 07:32:59 PM,28.853,0,,,,,
79,02/13/20 08:32:59 PM,28.853,0,,,,,
80,02/13/20 09:32:59 PM,28.754,0,,,,,
81,02/13/20 10:32:59 PM,28.853,0,,,,,
82,02/13/20 11:32:59 PM,28.754,0,,,,,
83,02/14/20 12:32:59 AM,28.754,0,,,,,
84,02/14/20 01:32:59 AM,28.555,0,,,,,
85,02/14/20 02:32:59 AM,28.456,0,,,,,
86,02/14/20 03:32:59 AM,28.754,0,,,,,
87,02/14/20 04:32:59 AM,28.555,0,,,,,
88,02/14/20 05:32:59 AM,28.853,0,,,,,
89,02/14/20 06:32:59 AM,28.853,107.6,,,,,
90,02/14/20 07:32:59 AM,28.953,3100,,,,,
91,02/14/20 08:32:59 AM,29.053,8266.7,,,,,
92,02/14/20 09:32:59 AM,29.053,4305.6,,,,,
93,02/14/20 10:32:59 AM,29.552,28933.5,,,,,
94,02/14/20 11:32:59 AM,30.054,71644.9,,,,,
95,02/14/20 12:32:59 PM,30.76,49600.3,,,,,
96,02/14/20 01:32:59 PM,32.086,60622.6,,,,,
97,02/14/20 02:32:59 PM,31.88,52355.9,,,,,
98,02/14/20 03:32:59 PM,30.054,12400.1,,,,,
99,02/14/20 04:32:59 PM,29.652,2755.6,,,,,
100,02/14/20 05:32:59 PM,29.152,2755.6,,,,,
101,02/14/20 06:32:59 PM,29.053,215.3,,,,,
102,02/14/20 07:32:59 PM,29.053,0,,,,,
103,02/14/20 08:32:59 PM,29.053,0,,,,,
104,02/14/20 09:32:59 PM,29.053,0,,,,,
105,02/14/20 10:32:59 PM,29.053,0,,,,,
106,02/14/20 11:32:59 PM,28.953,0,,,,,
107,02/15/20 12:32:59 AM,28.953,0,,,,,
108,02/15/20 01:32:59 AM,28.853,0,,,,,
109,02/15/20 02:32:59 AM,28.655,0,,,,,
110,02/15/20 03:32:59 AM,28.754,0,,,,,
111,02/15/20 04:32:59 AM,28.953,0,,,,,
112,02/15/20 05:32:59 AM,28.953,0,,,,,
113,02/15/20 06:32:59 AM,28.754,64.6,,,,,
114,02/15/20 07:32:59 AM,29.152,1550,,,,,
115,02/15/20 08:32:59 AM,29.252,5166.7,,,,,
116,02/15/20 09:32:59 AM,29.053,2325,,,,,
117,02/15/20 10:32:59 AM,29.053,1722.2,,,,,
118,02/15/20 11:32:59 AM,29.352,4822.3,,,,,
119,02/15/20 12:32:59 PM,30.154,42711.4,,,,,
120,02/15/20 01:32:59 PM,30.457,14466.8,,,,,
121,02/15/20 02:32:59 PM,31.574,34444.7,,,,,
122,02/15/20 03:32:59 PM,31.064,13089,,,,,
123,02/15/20 04:32:59 PM,29.953,5166.7,,,,,
124,02/15/20 05:32:59 PM,29.552,3100,,,,,
125,02/15/20 06:32:59 PM,29.252,247.6,,,,,
126,02/15/20 07:32:59 PM,29.152,0,,,,,
127,02/15/20 08:32:59 PM,29.152,0,,,,,
128,02/15/20 09:32:59 PM,29.152,0,,,,,
129,02/15/20 10:32:59 PM,29.152,0,,,,,
130,02/15/20 11:32:59 PM,29.152,0,,,,,
131,02/16/20 12:32:59 AM,29.152,0,,,,,
132,02/16/20 01:32:59 AM,29.152,0,,,,,
133,02/16/20 02:32:59 AM,29.053,0,,,,,
134,02/16/20 03:32:59 AM,28.953,0,,,,,
135,02/16/20 04:32:59 AM,28.853,0,,,,,
136,02/16/20 05:32:59 AM,28.953,0,,,,,
137,02/16/20 06:32:59 AM,29.053,139.9,,,,,
138,02/16/20 07:32:59 AM,29.053,2152.8,,,,,
139,02/16/20 08:32:59 AM,29.152,10677.8,,,,,
140,02/16/20 09:32:59 AM,29.652,12400.1,,,,,
141,02/16/20 10:32:59 AM,29.652,20666.8,,,,,
142,02/16/20 11:32:59 AM,30.054,26178,,,,,
143,02/16/20 12:32:59 PM,30.558,46844.8,,,,,
144,02/16/20 01:32:59 PM,30.862,49600.3,,,,,
145,02/16/20 02:32:59 PM,31.676,44089.2,,,,,
146,02/16/20 03:32:59 PM,31.88,26178,,,,,
147,02/16/20 04:32:59 PM,30.76,12400.1,,,,,
148,02/16/20 05:32:59 PM,30.154,4133.4,,,,,
149,02/16/20 06:32:59 PM,29.652,430.6,,,,,
150,02/16/20 07:32:59 PM,29.352,0,,,,,
151,02/16/20 08:32:59 PM,29.352,0,,,,,
152,02/16/20 09:32:59 PM,29.252,0,,,,,
153,02/16/20 10:32:59 PM,29.252,0,,,,,
154,02/16/20 11:32:59 PM,29.252,0,,,,,
155,02/17/20 12:32:59 AM,29.252,0,,,,,
156,02/17/20 01:32:59 AM,29.152,0,,,,,
157,02/17/20 02:32:59 AM,29.053,0,,,,,
158,02/17/20 03:32:59 AM,29.053,0,,,,,
159,02/17/20 04:32:59 AM,29.053,0,,,,,
160,02/17/20 05:32:59 AM,28.953,0,,,,,
161,02/17/20 06:32:59 AM,29.053,118.4,,,,,
162,02/17/20 07:32:59 AM,29.053,2755.6,,,,,
163,02/17/20 08:32:59 AM,29.252,5338.9,,,,,
164,02/17/20 09:32:59 AM,29.452,16533.4,,,,,
165,02/17/20 10:32:59 AM,29.853,24800.2,,,,,
166,02/17/20 11:32:59 AM,30.255,22044.6,,,,,
167,02/17/20 12:32:59 PM,30.659,66133.8,,,,,
168,02/17/20 01:32:59 PM,30.862,33066.9,,,,,
169,02/17/20 02:32:59 PM,31.37,34444.7,,,,,
170,02/17/20 03:32:59 PM,31.37,24800.2,,,,,
171,02/17/20 04:32:59 PM,31.472,7577.8,,,,,
172,02/17/20 05:32:59 PM,30.558,3272.2,,,,,
173,02/17/20 06:32:59 PM,29.953,258.3,,,,,
174,02/17/20 07:32:59 PM,29.652,0,,,,,
175,02/17/20 08:32:59 PM,29.552,0,,,,,
176,02/17/20 09:32:59 PM,29.352,0,,,,,
177,02/17/20 10:32:59 PM,29.352,0,,,,,
178,02/17/20 11:32:59 PM,29.252,0,,,,,
179,02/18/20 12:32:59 AM,29.252,0,,,,,
180,02/18/20 01:32:59 AM,29.352,0,,,,,
181,02/18/20 02:32:59 AM,29.252,0,,,,,
182,02/18/20 03:32:59 AM,29.252,0,,,,,
183,02/18/20 04:32:59 AM,29.152,0,,,,,
184,02/18/20 05:32:59 AM,29.252,0,,,,,
185,02/18/20 06:32:59 AM,29.152,193.8,,,,,
186,02/18/20 07:32:59 AM,29.352,1894.5,,,,,
187,02/18/20 08:32:59 AM,29.652,13777.9,,,,,
188,02/18/20 09:32:59 AM,29.652,15844.5,,,,,
189,02/18/20 10:32:59 AM,30.154,30311.3,,,,,
190,02/18/20 11:32:59 AM,30.356,21355.7,,,,,
191,02/18/20 12:32:59 PM,30.154,21355.7,,,,,
192,02/18/20 01:32:59 PM,30.558,21355.7,,,,,
193,02/18/20 02:32:59 PM,30.76,19977.9,,,,,
194,02/18/20 03:32:59 PM,30.862,7233.4,,,,,
195,02/18/20 04:32:59 PM,30.054,5166.7,,,,,
196,02/18/20 05:32:59 PM,30.356,2152.8,,,,,
197,02/18/20 06:32:59 PM,30.457,236.8,,,,,
198,02/18/20 07:32:59 PM,29.953,0,,,,,
199,02/18/20 08:32:59 PM,29.652,0,,,,,
200,02/18/20 09:32:59 PM,29.652,0,,,,,
201,02/18/20 10:32:59 PM,29.552,0,,,,,
202,02/18/20 11:32:59 PM,29.252,0,,,,,
203,02/19/20 12:32:59 AM,29.352,0,,,,,
204,02/19/20 01:32:59 AM,29.352,0,,,,,
205,02/19/20 02:32:59 AM,29.352,0,,,,,
206,02/19/20 03:32:59 AM,29.252,0,,,,,
207,02/19/20 04:32:59 AM,29.152,0,,,,,
208,02/19/20 05:32:59 AM,29.152,0,,,,,
209,02/19/20 06:32:59 AM,29.252,86.1,,,,,
210,02/19/20 07:32:59 AM,29.452,2238.9,,,,,
211,02/19/20 08:32:59 AM,29.652,5166.7,,,,,
212,02/19/20 09:32:59 AM,29.953,8266.7,,,,,
213,02/19/20 10:32:59 AM,30.255,13777.9,,,,,
214,02/19/20 11:32:59 AM,30.558,12400.1,,,,,
215,02/19/20 12:32:59 PM,30.154,17222.3,,,,,
216,02/19/20 01:32:59 PM,29.953,11022.3,,,,,
217,02/19/20 02:32:59 PM,30.255,14466.8,,,,,
218,02/19/20 03:32:59 PM,30.356,7233.4,,,,,
219,02/19/20 04:32:59 PM,30.054,4305.6,,,,,
220,02/19/20 05:32:59 PM,29.853,2066.7,,,,,
221,02/19/20 06:32:59 PM,29.853,226,,,,,
222,02/19/20 07:32:59 PM,29.752,0,,,,,
223,02/19/20 08:32:59 PM,29.752,0,,,,,
224,02/19/20 09:32:59 PM,29.652,0,,,,,
225,02/19/20 10:32:59 PM,29.552,0,,,,,
226,02/19/20 11:32:59 PM,29.652,0,,,,,
227,02/20/20 12:32:59 AM,29.552,0,,,,,
228,02/20/20 01:32:59 AM,29.252,0,,,,,
229,02/20/20 02:32:59 AM,29.152,0,,,,,
230,02/20/20 03:32:59 AM,29.252,0,,,,,
231,02/20/20 04:32:59 AM,29.252,0,,,,,
232,02/20/20 05:32:59 AM,29.252,0,,,,,
233,02/20/20 06:32:59 AM,29.252,96.9,,,,,
234,02/20/20 07:32:59 AM,29.352,2152.8,,,,,
235,02/20/20 08:32:59 AM,29.552,6200,,,,,
236,02/20/20 09:32:59 AM,30.154,11711.2,,,,,
237,02/20/20 10:32:59 AM,30.356,14466.8,,,,,
238,02/20/20 11:32:59 AM,30.659,14466.8,,,,,
239,02/20/20 12:32:59 PM,30.255,19289,,,,,
240,02/20/20 01:32:59 PM,29.953,10677.8,,,,,
241,02/20/20 02:32:59 PM,29.853,8266.7,,,,,
242,02/20/20 03:32:59 PM,30.154,5511.1,,,,,
243,02/20/20 04:32:59 PM,30.356,9644.5,,,,,
244,02/20/20 05:32:59 PM,30.558,4822.3,,,,,
245,02/20/20 06:32:59 PM,29.752,667.4,,,,,
246,02/20/20 07:32:59 PM,29.752,0,,,,,
247,02/20/20 08:32:59 PM,29.652,0,,,,,
248,02/20/20 09:32:59 PM,29.752,0,,,,,
249,02/20/20 10:32:59 PM,29.552,0,,,,,
250,02/20/20 11:32:59 PM,29.652,0,,,,,
251,02/21/20 12:32:59 AM,29.752,0,,,,,
252,02/21/20 01:32:59 AM,29.452,0,,,,,
253,02/21/20 02:32:59 AM,29.452,0,,,,,
254,02/21/20 03:32:59 AM,29.352,0,,,,,
255,02/21/20 04:32:59 AM,29.352,0,,,,,
256,02/21/20 05:32:59 AM,29.352,0,,,,,
257,02/21/20 06:32:59 AM,29.352,322.9,,,,,
258,02/21/20 07:32:59 AM,29.552,7577.8,,,,,
259,02/21/20 08:32:59 AM,29.853,23422.4,,,,,
260,02/21/20 09:32:59 AM,30.255,55111.5,,,,,
261,02/21/20 10:32:59 AM,31.472,55111.5,,,,,
262,02/21/20 11:32:59 AM,31.778,93689.5,,,,,
263,02/21/20 12:32:59 PM,30.963,60622.6,,,,,
264,02/21/20 01:32:59 PM,30.558,55111.5,,,,,
265,02/21/20 02:32:59 PM,30.659,44089.2,,,,,
266,02/21/20 03:32:59 PM,30.154,22044.6,,,,,
267,02/21/20 04:32:59 PM,29.953,8266.7,,,,,
268,02/21/20 05:32:59 PM,30.356,3444.5,,,,,
269,02/21/20 06:32:59 PM,30.154,538.2,,,,,
270,02/21/20 07:32:59 PM,29.552,0,,,,,
271,02/21/20 08:32:59 PM,29.452,0,,,,,
272,02/21/20 09:32:59 PM,29.452,0,,,,,
273,02/21/20 10:32:59 PM,29.552,0,,,,,
274,02/21/20 11:32:59 PM,29.452,0,,,,,
275,02/22/20 12:32:59 AM,29.652,0,,,,,
276,02/22/20 01:32:59 AM,29.652,0,,,,,
277,02/22/20 02:32:59 AM,29.752,0,,,,,
278,02/22/20 03:32:59 AM,29.752,0,,,,,
279,02/22/20 04:32:59 AM,29.752,0,,,,,
280,02/22/20 05:32:59 AM,29.652,0,,,,,
281,02/22/20 06:32:59 AM,29.352,107.6,,,,,
282,02/22/20 07:32:59 AM,29.752,5166.7,,,,,
283,02/22/20 08:32:59 AM,30.054,18600.1,,,,,
284,02/22/20 09:32:59 AM,30.76,27555.7,,,,,
285,02/22/20 10:32:59 AM,31.574,44089.2,,,,,
286,02/22/20 11:32:59 AM,31.88,121245.2,,,,,
287,02/22/20 12:32:59 PM,31.472,37200.2,,,,,
288,02/22/20 01:32:59 PM,31.268,52355.9,,,,,
289,02/22/20 02:32:59 PM,30.659,46844.8,,,,,
290,02/22/20 03:32:59 PM,30.255,16533.4,,,,,
291,02/22/20 04:32:59 PM,30.154,7233.4,,,,,
292,02/22/20 05:32:59 PM,30.255,2927.8,,,,,
293,02/22/20 06:32:59 PM,30.356,344.4,,,,,
294,02/22/20 07:32:59 PM,29.953,0,,,,,
295,02/22/20 08:32:59 PM,29.853,0,,,,,
296,02/22/20 09:32:59 PM,29.652,0,,,,,
297,02/22/20 10:32:59 PM,29.552,0,,,,,
298,02/22/20 11:32:59 PM,29.452,0,,,,,
299,02/23/20 12:32:59 AM,29.552,0,,,,,
300,02/23/20 01:32:59 AM,29.752,0,,,,,
301,02/23/20 02:32:59 AM,29.953,0,,,,,
302,02/23/20 03:32:59 AM,29.853,0,,,,,
303,02/23/20 04:32:59 AM,29.853,0,,,,,
304,02/23/20 05:32:59 AM,29.552,0,,,,,
305,02/23/20 06:32:59 AM,29.352,150.7,,,,,
306,02/23/20 07:32:59 AM,29.552,4822.3,,,,,
307,02/23/20 08:32:59 AM,30.054,38578,,,,,
308,02/23/20 09:32:59 AM,30.356,19289,,,,,
309,02/23/20 10:32:59 AM,31.268,38578,,,,,
310,02/23/20 11:32:59 AM,31.37,22044.6,,,,,
311,02/23/20 12:32:59 PM,30.862,66133.8,,,,,
312,02/23/20 01:32:59 PM,30.963,46844.8,,,,,
313,02/23/20 02:32:59 PM,30.558,33066.9,,,,,
314,02/23/20 03:32:59 PM,30.154,4994.5,,,,,
315,02/23/20 04:32:59 PM,30.154,6200,,,,,
316,02/23/20 05:32:59 PM,30.054,2066.7,,,,,
317,02/23/20 06:32:59 PM,30.255,183,,,,,
318,02/23/20 07:32:59 PM,29.953,0,,,,,
319,02/23/20 08:32:59 PM,29.853,0,,,,,
320,02/23/20 09:32:59 PM,29.652,0,,,,,
321,02/23/20 10:32:59 PM,29.452,0,,,,,
322,02/23/20 11:32:59 PM,29.352,0,,,,,
323,02/24/20 12:32:59 AM,29.752,0,,,,,
324,02/24/20 01:32:59 AM,29.552,0,,,,,
325,02/24/20 02:32:59 AM,29.853,0,,,,,
326,02/24/20 03:32:59 AM,29.953,0,,,,,
327,02/24/20 04:32:59 AM,30.054,0,,,,,
328,02/24/20 05:32:59 AM,29.652,0,,,,,
329,02/24/20 06:32:59 AM,29.853,107.6,,,,,
330,02/24/20 07:32:59 AM,29.452,2325,,,,,
331,02/24/20 08:32:59 AM,29.853,8611.2,,,,,
332,02/24/20 09:32:59 AM,30.356,33066.9,,,,,
333,02/24/20 10:32:59 AM,31.166,231468.2,,,,,
334,02/24/20 11:32:59 AM,32.188,57867,,,,,
335,02/24/20 12:32:59 PM,31.983,42711.4,,,,,
336,02/24/20 01:32:59 PM,31.064,35822.5,,,,,
337,02/24/20 02:32:59 PM,30.659,24800.2,,,,,
338,02/24/20 03:32:59 PM,30.255,12400.1,,,,,
339,02/24/20 04:32:59 PM,30.154,6544.5,,,,,
340,02/24/20 05:32:59 PM,30.054,2927.8,,,,,
341,02/24/20 06:32:59 PM,29.953,150.7,,,,,
342,02/24/20 07:32:59 PM,30.154,0,,,,,
343,02/24/20 08:32:59 PM,29.853,0,,,,,
344,02/24/20 09:32:59 PM,29.752,0,,,,,
345,02/24/20 10:32:59 PM,29.552,0,,,,,
346,02/24/20 11:32:59 PM,29.352,0,,,,,
347,02/25/20 12:32:59 AM,29.452,0,,,,,
348,02/25/20 01:32:59 AM,29.853,0,,,,,
349,02/25/20 02:32:59 AM,29.552,0,,,,,
350,02/25/20 03:32:59 AM,29.652,0,,,,,
351,02/25/20 04:32:59 AM,29.552,0,,,,,
352,02/25/20 05:32:59 AM,29.552,0,,,,,
353,02/25/20 06:32:59 AM,29.552,86.1,,,,,
354,02/25/20 07:32:59 AM,29.352,1367,,,,,
355,02/25/20 08:32:59 AM,29.652,8611.2,,,,,
356,02/25/20 09:32:59 AM,30.154,16533.4,,,,,
357,02/25/20 10:32:59 AM,30.963,39955.8,,,,,
358,02/25/20 11:32:59 AM,32.497,220445.9,,,,,
359,02/25/20 12:32:59 PM,32.497,77156.1,,,,,
360,02/25/20 01:32:59 PM,31.574,44089.2,,,,,
361,02/25/20 02:32:59 PM,30.862,22044.6,,,,,
362,02/25/20 03:32:59 PM,30.255,10677.8,,,,,
363,02/25/20 04:32:59 PM,30.054,5338.9,,,,,
364,02/25/20 05:32:59 PM,29.853,1550,,,,,
365,02/25/20 06:32:59 PM,29.752,75.3,,,,,
366,02/25/20 07:32:59 PM,29.953,0,,,,,
367,02/25/20 08:32:59 PM,29.853,0,,,,,
368,02/25/20 09:32:59 PM,29.953,0,,,,,
369,02/25/20 10:32:59 PM,29.853,0,,,,,
370,02/25/20 11:32:59 PM,29.652,0,,,,,
371,02/26/20 12:32:59 AM,29.552,0,,,,,
372,02/26/20 01:32:59 AM,29.853,0,,,,,
373,02/26/20 02:32:59 AM,29.853,0,,,,,
374,02/26/20 03:32:59 AM,29.853,0,,,,,
375,02/26/20 04:32:59 AM,29.853,0,,,,,
376,02/26/20 05:32:59 AM,29.752,0,,,,,
377,02/26/20 06:32:59 AM,29.752,21.5,,,,,
378,02/26/20 07:32:59 AM,29.752,1270.1,,,,,
379,02/26/20 08:32:59 AM,29.652,2497.2,,,,,
380,02/26/20 09:32:59 AM,30.054,5511.1,,,,,
381,02/26/20 10:32:59 AM,30.154,5511.1,,,,,
382,02/26/20 11:32:59 AM,30.457,9300.1,,,,,
383,02/26/20 12:32:59 PM,31.166,30311.3,,,,,
384,02/26/20 01:32:59 PM,31.37,17222.3,,,,,
385,02/26/20 02:32:59 PM,30.862,5511.1,,,,,
386,02/26/20 03:32:59 PM,30.356,5166.7,,,,,
387,02/26/20 04:32:59 PM,30.054,2152.8,,,,,
388,02/26/20 05:32:59 PM,30.054,710.4,,,,,
389,02/26/20 06:32:59 PM,30.054,32.3,,,,,
390,02/26/20 07:32:59 PM,29.953,0,,,,,
391,02/26/20 08:32:59 PM,30.054,0,,,,,
392,02/26/20 09:32:59 PM,29.752,0,,,,,
393,02/26/20 10:32:59 PM,29.752,0,,,,,
394,02/26/20 11:32:59 PM,29.652,0,,,,,
395,02/27/20 12:32:59 AM,29.552,0,,,,,
396,02/27/20 01:32:59 AM,29.552,0,,,,,
397,02/27/20 02:32:59 AM,29.652,0,,,,,
398,02/27/20 03:32:59 AM,29.752,0,,,,,
399,02/27/20 04:32:59 AM,29.752,0,,,,,
400,02/27/20 05:32:59 AM,29.752,0,,,,,
401,02/27/20 06:32:59 AM,29.652,10.8,,,,,
402,02/27/20 07:32:59 AM,29.752,258.3,,,,,
403,02/27/20 08:32:59 AM,29.652,979.5,,,,,
404,02/27/20 09:32:59 AM,29.953,3272.2,,,,,
405,02/27/20 10:32:59 AM,30.356,3961.1,,,,,
406,02/27/20 11:32:59 AM,31.166,10677.8,,,,,
407,02/27/20 12:32:59 PM,32.394,11022.3,,,,,
408,02/27/20 01:32:59 PM,32.704,4305.6,,,,,
409,02/27/20 02:32:59 PM,31.166,2238.9,,,,,
410,02/27/20 03:32:59 PM,30.457,958,,,,,
411,02/27/20 04:32:59 PM,30.356,409,,,,,
412,02/27/20 05:32:59 PM,30.255,139.9,,,,,
413,02/27/20 06:32:59 PM,30.154,0,,,,,
414,02/27/20 07:32:59 PM,29.953,0,,,,,
415,02/27/20 08:32:59 PM,30.154,0,,,,,
416,02/27/20 09:32:59 PM,30.054,0,,,,,
417,02/27/20 10:32:59 PM,30.054,0,,,,,
418,02/27/20 11:32:59 PM,29.953,0,,,,,
419,02/28/20 12:32:59 AM,29.853,0,,,,,
420,02/28/20 01:32:59 AM,29.752,0,,,,,
421,02/28/20 02:32:59 AM,29.953,0,,,,,
422,02/28/20 03:32:59 AM,29.953,0,,,,,
423,02/28/20 04:32:59 AM,30.054,0,,,,,
424,02/28/20 05:32:59 AM,29.953,0,,,,,
425,02/28/20 06:32:59 AM,29.853,0,,,,,
426,02/28/20 07:32:59 AM,29.953,10.8,,,,,
427,02/28/20 08:32:59 AM,29.853,53.8,,,,,
428,02/28/20 09:32:59 AM,30.054,139.9,,,,,
429,02/28/20 10:32:59 AM,30.356,279.9,,,,,
430,02/28/20 11:32:59 AM,30.76,2238.9,,,,,
431,02/28/20 12:32:59 PM,31.574,516.7,,,,,
432,02/28/20 01:32:59 PM,32.807,279.9,,,,,
433,02/28/20 02:32:59 PM,31.778,129.2,,,,,
434,02/28/20 03:32:59 PM,30.862,64.6,,,,,
435,02/28/20 04:32:59 PM,30.558,21.5,,,,,
436,02/28/20 05:32:59 PM,30.054,0,,,,,
437,02/28/20 06:32:59 PM,29.953,0,,,,,
438,02/28/20 07:32:59 PM,29.953,0,,,,,
439,02/28/20 08:32:59 PM,30.154,0,,,,,
440,02/28/20 09:32:59 PM,30.154,0,,,,,
441,02/28/20 10:32:59 PM,30.054,0,,,,,
442,02/28/20 11:32:59 PM,30.054,0,,,,,
443,02/29/20 12:32:59 AM,29.953,0,,,,,
444,02/29/20 01:32:59 AM,29.853,0,,,,,
445,02/29/20 02:32:59 AM,29.853,0,,,,,
446,02/29/20 03:32:59 AM,29.853,0,,,,,
447,02/29/20 04:32:59 AM,30.054,0,,,,,
448,02/29/20 05:32:59 AM,30.054,0,,,,,
449,02/29/20 06:32:59 AM,30.054,0,,,,,
450,02/29/20 07:32:59 AM,29.853,0,,,,,
451,02/29/20 08:32:59 AM,30.054,0,,,,,
452,02/29/20 09:32:59 AM,30.054,10.8,,,,,
453,02/29/20 10:32:59 AM,30.255,21.5,,,,,
454,02/29/20 11:32:59 AM,30.457,32.3,,,,,
455,02/29/20 12:32:59 PM,30.963,75.3,,,,,
456,02/29/20 01:32:59 PM,31.472,107.6,,,,,
457,02/29/20 02:32:59 PM,31.778,86.1,,,,,
458,02/29/20 03:32:59 PM,31.166,32.3,,,,,
459,02/29/20 04:32:59 PM,30.76,10.8,,,,,
460,02/29/20 05:32:59 PM,30.356,32.3,,,,,
461,02/29/20 06:32:59 PM,30.255,0,,,,,
462,02/29/20 07:32:59 PM,30.255,0,,,,,
463,02/29/20 08:32:59 PM,30.154,0,,,,,
464,02/29/20 09:32:59 PM,30.255,0,,,,,
465,02/29/20 10:32:59 PM,30.154,0,,,,,
466,02/29/20 11:32:59 PM,30.154,0,,,,,
467,03/01/2020 00:32,30.054,0,,,,,
468,03/01/2020 01:32,30.054,0,,,,,
469,03/01/2020 02:32,29.953,0,,,,,
470,03/01/2020 03:32,29.953,0,,,,,
471,03/01/2020 04:32,30.054,0,,,,,
472,03/01/2020 05:32,30.054,0,,,,,
473,03/01/2020 06:32,30.154,0,,,,,
474,03/01/2020 07:32,29.953,0,,,,,
475,03/01/2020 08:32,30.154,0,,,,,
476,03/01/2020 09:32,30.054,10.8,,,,,
477,03/01/2020 10:32,30.255,21.5,,,,,
478,03/01/2020 11:32,30.659,43.1,,,,,
479,03/01/2020 12:32,30.862,53.8,,,,,
480,03/01/2020 13:32,31.472,43.1,,,,,
481,03/01/2020 14:32,32.291,32.3,,,,,
482,03/01/2020 15:32,31.574,21.5,,,,,
483,03/01/2020 16:32,31.064,0,,,,,
484,03/01/2020 17:32,30.659,0,,,,,
485,03/01/2020 18:32,30.558,0,,,,,
486,03/01/2020 19:32,30.659,0,,,,,
487,03/01/2020 20:32,30.76,0,,,,,
488,03/01/2020 21:32,30.963,0,,,,,
489,03/01/2020 22:32,30.76,0,,,,,
490,03/01/2020 23:32,30.558,0,,,,,
491,03/02/2020 00:32,30.558,0,,,,,
492,03/02/2020 01:32,30.558,0,,,,,
493,03/02/2020 02:32,30.457,0,,,,,
494,03/02/2020 03:32,30.457,0,,,,,
495,03/02/2020 04:32,30.356,0,,,,,
496,03/02/2020 05:32,30.356,0,,,,,
497,03/02/2020 06:32,30.356,0,,,,,
498,03/02/2020 07:32,30.255,0,,,,,
499,03/02/2020 08:32,30.255,0,,,,,
500,03/02/2020 09:32,30.054,0,,,,,
501,03/02/2020 10:32,30.054,0,,,,,
502,03/02/2020 11:32,29.752,0,,,,,
503,03/02/2020 12:32,29.752,0,,,,,
504,03/02/2020 13:32,30.255,0,,,,,
505,03/02/2020 14:32,30.154,0,,,,,
506,03/02/2020 15:32,30.154,0,,,,,
507,03/02/2020 16:32,30.054,0,,,,,
508,03/02/2020 17:32,30.054,0,,,,,
509,03/02/2020 18:32,29.953,0,,,,,
510,03/02/2020 19:32,29.953,0,,,,,
511,03/02/2020 20:32,29.953,0,,,,,
512,03/02/2020 21:32,29.853,0,,,,,
513,03/02/2020 22:32,29.652,0,,,,,
514,03/02/2020 23:32,29.853,0,,,,,
515,03/03/2020 00:32,29.953,0,,,,,
516,03/03/2020 01:32,29.953,0,,,,,
517,03/03/2020 02:32,29.853,0,,,,,
518,03/03/2020 03:32,29.953,0,,,,,
519,03/03/2020 04:32,29.953,0,,,,,
520,03/03/2020 05:32,29.953,0,,,,,
521,03/03/2020 06:32,29.853,0,,,,,
522,03/03/2020 07:32,29.452,0,,,,,
523,03/03/2020 08:32,29.552,0,,,,,
524,03/03/2020 09:32,29.752,0,,,,,
525,03/03/2020 10:32,30.054,21.5,,,,,
526,03/03/2020 11:32,30.255,53.8,,,,,
527,03/03/2020 12:32,31.166,46844.8,,,,,
528,03/03/2020 13:32,31.268,60622.6,,,,,
529,03/03/2020 14:32,31.064,34444.7,,,,,
530,03/03/2020 15:32,31.268,17911.2,,,,,
531,03/03/2020 16:32,31.37,12400.1,,,,,
532,03/03/2020 17:32,31.574,4305.6,,,,,
533,03/03/2020 18:32,31.574,247.6,,,,,
534,03/03/2020 19:32,30.457,0,,,,,
535,03/03/2020 20:32,30.255,0,,,,,
536,03/03/2020 21:32,30.255,0,,,,,
537,03/03/2020 22:32,30.356,0,,,,,
538,03/03/2020 23:32,30.255,0,,,,,
539,03/04/2020 00:32,30.255,0,,,,,
540,03/04/2020 01:32,30.356,0,,,,,
541,03/04/2020 02:32,30.356,0,,,,,
542,03/04/2020 03:32,30.356,0,,,,,
543,03/04/2020 04:32,30.356,0,,,,,
544,03/04/2020 05:32,30.255,0,,,,,
545,03/04/2020 06:32,30.154,279.9,,,,,
546,03/04/2020 07:32,30.154,4650,,,,,
547,03/04/2020 08:32,30.054,10333.4,,,,,
548,03/04/2020 09:32,30.356,20666.8,,,,,
549,03/04/2020 10:32,30.659,26178,,,,,
550,03/04/2020 11:32,30.659,10677.8,,,,,
551,03/04/2020 12:32,31.37,31689.1,,,,,
552,03/04/2020 13:32,31.472,44089.2,,,,,
553,03/04/2020 14:32,31.166,26178,,,,,
554,03/04/2020 15:32,31.37,11711.2,,,,,
555,03/04/2020 16:32,31.574,5166.7,,,,,
556,03/04/2020 17:32,31.37,3788.9,,,,,
557,03/04/2020 18:32,31.268,107.6,,,,,
558,03/04/2020 19:32,30.862,0,,,,,
559,03/04/2020 20:32,30.659,0,,,,,
560,03/04/2020 21:32,30.457,0,,,,,
561,03/04/2020 22:32,30.356,0,,,,,
562,03/04/2020 23:32,30.457,0,,,,,
563,03/05/2020 00:32,30.255,0,,,,,
564,03/05/2020 01:32,30.356,0,,,,,
565,03/05/2020 02:32,30.255,0,,,,,
566,03/05/2020 03:32,30.255,0,,,,,
567,03/05/2020 04:32,30.154,0,,,,,
568,03/05/2020 05:32,30.154,0,,,,,
569,03/05/2020 06:32,29.853,75.3,,,,,
570,03/05/2020 07:32,30.054,3616.7,,,,,
571,03/05/2020 08:32,30.154,10333.4,,,,,
572,03/05/2020 09:32,30.457,33066.9,,,,,
573,03/05/2020 10:32,30.76,31689.1,,,,,
574,03/05/2020 11:32,30.862,9300.1,,,,,
575,03/05/2020 12:32,30.76,7233.4,,,,,
576,03/05/2020 13:32,30.862,20666.8,,,,,
577,03/05/2020 14:32,31.37,22044.6,,,,,
578,03/05/2020 15:32,31.166,5166.7,,,,,
579,03/05/2020 16:32,31.268,8611.2,,,,,
580,03/05/2020 17:32,31.268,8611.2,,,,,
581,03/05/2020 18:32,30.963,312.2,,,,,
582,03/05/2020 19:32,30.457,0,,,,,
583,03/05/2020 20:32,30.356,0,,,,,
584,03/05/2020 21:32,30.356,0,,,,,
585,03/05/2020 22:32,30.356,0,,,,,
586,03/05/2020 23:32,30.154,0,,,,,
587,03/06/2020 00:32,30.154,0,,,,,
588,03/06/2020 01:32,30.054,0,,,,,
589,03/06/2020 02:32,30.054,0,,,,,
590,03/06/2020 03:32,30.255,0,,,,,
591,03/06/2020 04:32,30.154,0,,,,,
592,03/06/2020 05:32,29.853,0,,,,,
593,03/06/2020 06:32,29.953,215.3,,,,,
594,03/06/2020 07:32,30.054,1808.3,,,,,
595,03/06/2020 08:32,30.255,5166.7,,,,,
596,03/06/2020 09:32,30.558,26178,,,,,
597,03/06/2020 10:32,30.862,30311.3,,,,,
598,03/06/2020 11:32,31.064,30311.3,,,,,
599,03/06/2020 12:32,31.472,3444.5,,,,,
600,03/06/2020 13:32,31.778,26178,,,,,
601,03/06/2020 14:32,31.983,60622.6,,,,,
602,03/06/2020 15:32,31.983,13089,,,,,
603,03/06/2020 16:32,31.574,16533.4,,,,,
604,03/06/2020 17:32,31.37,5338.9,,,,,
605,03/06/2020 18:32,31.472,118.4,,,,,
606,03/06/2020 19:32,31.37,0,,,,,
607,03/06/2020 20:32,31.268,0,,,,,
608,03/06/2020 21:32,31.166,0,,,,,
609,03/06/2020 22:32,31.064,0,,,,,
610,03/06/2020 23:32,30.558,0,,,,,
611,03/07/2020 00:32,30.457,0,,,,,
612,03/07/2020 01:32,30.356,0,,,,,
613,03/07/2020 02:32,30.457,0,,,,,
614,03/07/2020 03:32,30.255,0,,,,,
615,03/07/2020 04:32,30.054,0,,,,,
616,03/07/2020 05:32,29.953,0,,,,,
617,03/07/2020 06:32,30.054,172.2,,,,,
618,03/07/2020 07:32,30.356,3272.2,,,,,
619,03/07/2020 08:32,30.356,2669.5,,,,,
620,03/07/2020 09:32,30.659,11711.2,,,,,
621,03/07/2020 10:32,30.862,15844.5,,,,,
622,03/07/2020 11:32,31.064,22044.6,,,,,
623,03/07/2020 12:32,31.064,15844.5,,,,,
624,03/07/2020 13:32,31.472,33066.9,,,,,
625,03/07/2020 14:32,31.268,20666.8,,,,,
626,03/07/2020 15:32,31.472,24800.2,,,,,
627,03/07/2020 16:32,31.574,16533.4,,,,,
628,03/07/2020 17:32,31.37,5166.7,,,,,
629,03/07/2020 18:32,30.659,409,,,,,
630,03/07/2020 19:32,30.558,0,,,,,
631,03/07/2020 20:32,30.558,0,,,,,
632,03/07/2020 21:32,30.457,0,,,,,
633,03/07/2020 22:32,30.255,0,,,,,
634,03/07/2020 23:32,30.356,0,,,,,
635,03/08/2020 00:32,30.356,0,,,,,
636,03/08/2020 01:32,30.457,0,,,,,
637,03/08/2020 02:32,30.356,0,,,,,
638,03/08/2020 03:32,30.356,0,,,,,
639,03/08/2020 04:32,30.154,0,,,,,
640,03/08/2020 05:32,30.054,0,,,,,
641,03/08/2020 06:32,30.054,290.6,,,,,
642,03/08/2020 07:32,30.356,2755.6,,,,,
643,03/08/2020 08:32,30.76,11022.3,,,,,
644,03/08/2020 09:32,31.472,12400.1,,,,,
645,03/08/2020 10:32,32.086,41333.6,,,,,
646,03/08/2020 11:32,32.394,35822.5,,,,,
647,03/08/2020 12:32,31.88,52355.9,,,,,
648,03/08/2020 13:32,31.676,39955.8,,,,,
649,03/08/2020 14:32,31.574,21355.7,,,,,
650,03/08/2020 15:32,31.37,19289,,,,,
651,03/08/2020 16:32,31.268,13089,,,,,
652,03/08/2020 17:32,31.472,5511.1,,,,,
653,03/08/2020 18:32,31.166,236.8,,,,,
654,03/08/2020 19:32,30.659,0,,,,,
655,03/08/2020 20:32,30.659,0,,,,,
656,03/08/2020 21:32,30.457,0,,,,,
657,03/08/2020 22:32,30.356,0,,,,,
658,03/08/2020 23:32,30.457,0,,,,,
659,03/09/2020 00:32,30.558,0,,,,,
660,03/09/2020 01:32,30.558,0,,,,,
661,03/09/2020 02:32,30.457,0,,,,,
662,03/09/2020 03:32,30.457,0,,,,,
663,03/09/2020 04:32,30.457,0,,,,,
664,03/09/2020 05:32,30.356,0,,,,,
665,03/09/2020 06:32,30.255,129.2,,,,,
666,03/09/2020 07:32,30.558,3788.9,,,,,
667,03/09/2020 08:32,30.963,14466.8,,,,,
668,03/09/2020 09:32,31.574,38578,,,,,
669,03/09/2020 10:32,32.394,37200.2,,,,,
670,03/09/2020 11:32,33.43,44089.2,,,,,
671,03/09/2020 12:32,32.497,52355.9,,,,,
672,03/09/2020 13:32,31.983,27555.7,,,,,
673,03/09/2020 14:32,31.574,28933.5,,,,,
674,03/09/2020 15:32,31.166,21355.7,,,,,
675,03/09/2020 16:32,31.166,7577.8,,,,,
676,03/09/2020 17:32,31.37,1980.6,,,,,
677,03/09/2020 18:32,31.37,139.9,,,,,
678,03/09/2020 19:32,30.963,0,,,,,
679,03/09/2020 20:32,30.963,0,,,,,
680,03/09/2020 21:32,30.862,0,,,,,
681,03/09/2020 22:32,30.76,0,,,,,
682,03/09/2020 23:32,30.659,0,,,,,
683,03/10/2020 00:32,30.659,0,,,,,
684,03/10/2020 01:32,30.76,0,,,,,
685,03/10/2020 02:32,30.659,0,,,,,
686,03/10/2020 03:32,30.558,0,,,,,
687,03/10/2020 04:32,30.558,0,,,,,
688,03/10/2020 05:32,30.659,0,,,,,
689,03/10/2020 06:32,30.457,172.2,,,,,
690,03/10/2020 07:32,30.558,2583.4,,,,,
691,03/10/2020 08:32,30.76,7577.8,,,,,
692,03/10/2020 09:32,31.268,24800.2,,,,,
693,03/10/2020 10:32,34.163,137778.7,,,,,
694,03/10/2020 11:32,33.953,110223,,,,,
695,03/10/2020 12:32,33.326,49600.3,,,,,
696,03/10/2020 13:32,31.778,23422.4,,,,,
697,03/10/2020 14:32,31.574,42711.4,,,,,
698,03/10/2020 15:32,31.166,11022.3,,,,,
699,03/10/2020 16:32,30.963,6544.5,,,,,
700,03/10/2020 17:32,31.064,1894.5,,,,,
701,03/10/2020 18:32,31.166,118.4,,,,,
702,03/10/2020 19:32,31.064,0,,,,,
703,03/10/2020 20:32,30.963,0,,,,,
704,03/10/2020 21:32,30.963,0,,,,,
705,03/10/2020 22:32,30.558,0,,,,,
706,03/10/2020 23:32,30.356,0,,,,,
707,03/11/2020 00:32,30.558,0,,,,,
708,03/11/2020 01:32,30.659,0,,,,,
709,03/11/2020 02:32,30.76,0,,,,,
710,03/11/2020 03:32,30.659,0,,,,,
711,03/11/2020 04:32,30.659,0,,,,,
712,03/11/2020 05:32,30.659,0,,,,,
713,03/11/2020 06:32,30.558,129.2,,,,,
714,03/11/2020 07:32,30.457,1808.3,,,,,
715,03/11/2020 08:32,30.862,4650,,,,,
716,03/11/2020 09:32,31.268,12400.1,,,,,
717,03/11/2020 10:32,34.268,121245.2,,,,,
718,03/11/2020 11:32,40.761,209423.6,,,,,
719,03/11/2020 12:32,36.079,55111.5,,,,,
720,03/11/2020 13:32,32.704,34444.7,,,,,
721,03/11/2020 14:32,31.778,17911.2,,,,,
722,03/11/2020 15:32,31.268,10333.4,,,,,
723,03/11/2020 16:32,31.064,5511.1,,,,,
724,03/11/2020 17:32,30.963,2066.7,,,,,
725,03/11/2020 18:32,30.862,86.1,,,,,
726,03/11/2020 19:32,31.064,0,,,,,
727,03/11/2020 20:32,30.963,0,,,,,
728,03/11/2020 21:32,30.862,0,,,,,
729,03/11/2020 22:32,30.76,0,,,,,
730,03/11/2020 23:32,28.754,0,,,,,
731,03/12/2020 00:32,30.154,0,,,,,
732,03/12/2020 01:32,30.862,0,,,,,
733,03/12/2020 02:32,30.558,0,,,,,
734,03/12/2020 03:32,30.659,0,,,,,
735,03/12/2020 04:32,30.558,0,,,,,
736,03/12/2020 05:32,30.659,0,,,,,
737,03/12/2020 06:32,30.558,75.3,,,,,
738,03/12/2020 07:32,30.558,2152.8,,,,,
739,03/12/2020 08:32,30.659,8611.2,,,,,
740,03/12/2020 09:32,31.166,19977.9,,,,,
741,03/12/2020 10:32,31.37,34444.7,,,,,
742,03/12/2020 11:32,35.542,187379,,,,,
743,03/12/2020 12:32,35.009,104711.8,,,,,
744,03/12/2020 13:32,33.326,23422.4,,,,,
745,03/12/2020 14:32,32.188,37200.2,,,,,
746,03/12/2020 15:32,31.37,10333.4,,,,,
747,03/12/2020 16:32,31.064,2927.8,,,,,
748,03/12/2020 17:32,30.862,3444.5,,,,,
749,03/12/2020 18:32,30.659,64.6,,,,,
750,03/12/2020 19:32,30.76,0,,,,,
751,03/12/2020 20:32,30.862,0,,,,,
752,03/12/2020 21:32,30.76,0,,,,,
753,03/12/2020 22:32,30.76,0,,,,,
754,03/12/2020 23:32,30.558,0,,,,,
755,03/13/20 12:32:59 AM,30.255,0,,,,,
756,03/13/20 01:32:59 AM,30.255,0,,,,,
757,03/13/20 02:32:59 AM,30.76,0,,,,,
758,03/13/20 03:32:59 AM,30.457,0,,,,,
759,03/13/20 04:32:59 AM,30.558,0,,,,,
760,03/13/20 05:32:59 AM,30.457,0,,,,,
761,03/13/20 06:32:59 AM,30.457,118.4,,,,,
762,03/13/20 07:32:59 AM,30.558,1980.6,,,,,
763,03/13/20 08:32:59 AM,30.457,5166.7,,,,,
764,03/13/20 09:32:59 AM,30.76,7233.4,,,,,
765,03/13/20 10:32:59 AM,31.268,20666.8,,,,,
766,03/13/20 11:32:59 AM,32.188,49600.3,,,,,
767,03/13/20 12:32:59 PM,34.163,93689.5,,,,,
768,03/13/20 01:32:59 PM,34.479,110223,,,,,
769,03/13/20 02:32:59 PM,32.911,37200.2,,,,,
770,03/13/20 03:32:59 PM,31.983,27555.7,,,,,
771,03/13/20 04:32:59 PM,31.268,75.3,,,,,
772,03/13/20 05:32:59 PM,30.963,613.5,,,,,
773,03/13/20 06:32:59 PM,30.862,21.5,,,,,
774,03/13/20 07:32:59 PM,30.76,0,,,,,
775,03/13/20 08:32:59 PM,30.659,0,,,,,
776,03/13/20 09:32:59 PM,30.76,0,,,,,
777,03/13/20 10:32:59 PM,30.659,0,,,,,
778,03/13/20 11:32:59 PM,30.659,0,,,,,
779,03/14/20 12:32:59 AM,30.457,0,,,,,
780,03/14/20 01:32:59 AM,30.255,0,,,,,
781,03/14/20 02:32:59 AM,30.356,0,,,,,
782,03/14/20 03:32:59 AM,30.659,0,,,,,
783,03/14/20 04:32:59 AM,30.558,0,,,,,
784,03/14/20 05:32:59 AM,30.659,0,,,,,
785,03/14/20 06:32:59 AM,30.659,53.8,,,,,
786,03/14/20 07:32:59 AM,30.659,678.1,,,,,
787,03/14/20 08:32:59 AM,30.76,2497.2,,,,,
788,03/14/20 09:32:59 AM,30.76,5338.9,,,,,
789,03/14/20 10:32:59 AM,31.37,16533.4,,,,,
790,03/14/20 11:32:59 AM,31.778,42711.4,,,,,
791,03/14/20 12:32:59 PM,32.394,28933.5,,,,,
792,03/14/20 01:32:59 PM,31.983,2238.9,,,,,
793,03/14/20 02:32:59 PM,31.88,7233.4,,,,,
794,03/14/20 03:32:59 PM,31.574,4822.3,,,,,
795,03/14/20 04:32:59 PM,31.064,1173.3,,,,,
796,03/14/20 05:32:59 PM,30.862,850.4,,,,,
797,03/14/20 06:32:59 PM,30.659,21.5,,,,,
798,03/14/20 07:32:59 PM,30.558,0,,,,,
799,03/14/20 08:32:59 PM,30.558,0,,,,,
800,03/14/20 09:32:59 PM,30.659,0,,,,,
801,03/14/20 10:32:59 PM,30.659,0,,,,,
802,03/14/20 11:32:59 PM,30.659,0,,,,,
803,03/15/20 12:32:59 AM,30.659,0,,,,,
804,03/15/20 01:32:59 AM,30.558,0,,,,,
805,03/15/20 02:32:59 AM,30.457,0,,,,,
806,03/15/20 03:32:59 AM,30.457,0,,,,,
807,03/15/20 04:32:59 AM,30.457,0,,,,,
808,03/15/20 05:32:59 AM,30.558,0,,,,,
809,03/15/20 06:32:59 AM,30.558,64.6,,,,,
810,03/15/20 07:32:59 AM,30.457,1001,,,,,
811,03/15/20 08:32:59 AM,30.659,2755.6,,,,,
812,03/15/20 09:32:59 AM,30.76,6544.5,,,,,
813,03/15/20 10:32:59 AM,31.064,10333.4,,,,,
814,03/15/20 11:32:59 AM,31.472,27555.7,,,,,
815,03/15/20 12:32:59 PM,31.983,24800.2,,,,,
816,03/15/20 01:32:59 PM,32.704,12400.1,,,,,
817,03/15/20 02:32:59 PM,33.743,6200,,,,,
818,03/15/20 03:32:59 PM,32.807,3272.2,,,,,
819,03/15/20 04:32:59 PM,31.778,2583.4,,,,,
820,03/15/20 05:32:59 PM,31.268,861.1,,,,,
821,03/15/20 06:32:59 PM,30.963,21.5,,,,,
822,03/15/20 07:32:59 PM,30.76,0,,,,,
823,03/15/20 08:32:59 PM,30.862,0,,,,,
824,03/15/20 09:32:59 PM,30.862,0,,,,,
825,03/15/20 10:32:59 PM,30.862,0,,,,,
826,03/15/20 11:32:59 PM,30.76,0,,,,,
827,03/16/20 12:32:59 AM,30.76,0,,,,,
828,03/16/20 01:32:59 AM,30.659,0,,,,,
829,03/16/20 02:32:59 AM,30.659,0,,,,,
830,03/16/20 03:32:59 AM,30.659,0,,,,,
831,03/16/20 04:32:59 AM,30.457,0,,,,,
832,03/16/20 05:32:59 AM,30.659,0,,,,,
833,03/16/20 06:32:59 AM,30.659,53.8,,,,,
834,03/16/20 07:32:59 AM,30.659,721.2,,,,,
835,03/16/20 08:32:59 AM,30.76,1722.2,,,,,
836,03/16/20 09:32:59 AM,30.963,2583.4,,,,,
837,03/16/20 10:32:59 AM,31.37,8266.7,,,,,
838,03/16/20 11:32:59 AM,31.37,3788.9,,,,,
839,03/16/20 12:32:59 PM,31.676,3100,,,,,
840,03/16/20 01:32:59 PM,33.014,57867,,,,,
841,03/16/20 02:32:59 PM,33.43,26178,,,,,
842,03/16/20 03:32:59 PM,32.807,27555.7,,,,,
843,03/16/20 04:32:59 PM,32.086,14466.8,,,,,
844,03/16/20 05:32:59 PM,30.054,10.8,,,,,
845,03/16/20 05:39:54 PM,,,,Logged,Logged,,
846,03/16/20 05:40:01 PM,,,,,,Logged,Logged
