#,"Date Time, GMT+03:00","subTemp, °C (LGR S/N: 20628545, SEN S/N: 20628545, LBL: Temp)","Intensity, Lux (LGR S/N: 20628545, SEN S/N: 20628545, LBL: Light)",
1,02/10/2020 15:37,32.911,,0
3,02/10/2020 16:37,27.961,,0
4,02/10/2020 17:37,28.06,2927.8,2497.2
5,02/10/2020 18:37,27.862,387.5,215.3
6,02/10/2020 19:37,27.862,0,0
7,02/10/2020 20:37,27.961,0,0
8,02/10/2020 21:37,27.961,0,0
9,02/10/2020 22:37,28.159,0,0
10,02/10/2020 23:37,28.06,0,0
11,02/11/2020 00:37,28.06,0,0
12,02/11/2020 01:37,28.06,0,0
13,02/11/2020 02:37,27.961,0,0
14,02/11/2020 03:37,27.961,0,0
15,02/11/2020 04:37,27.961,0,0
16,02/11/2020 05:37,27.961,0,0
17,02/11/2020 06:37,27.961,215.3,236.8
18,02/11/2020 07:37,28.06,4650,2411.1
19,02/11/2020 08:37,28.159,16533.4,8266.7
20,02/11/2020 09:37,28.456,15155.7,24800.2
21,02/11/2020 10:37,28.754,115734.1,57867
22,02/11/2020 11:37,29.152,231468.2,44089.2
23,02/11/2020 12:37,29.452,231468.2,77156.1
24,02/11/2020 13:37,29.152,63378.2,63378.2
25,02/11/2020 14:37,29.053,52355.9,28933.5
26,02/11/2020 15:37,29.252,16533.4,11711.2
27,02/11/2020 16:37,28.953,7577.8,7577.8
28,02/11/2020 17:37,28.754,2755.6,2497.2
29,02/11/2020 18:37,28.655,258.3,129.2
30,02/11/2020 19:37,28.456,0,0
31,02/11/2020 20:37,28.357,0,0
32,02/11/2020 21:37,28.357,0,0
33,02/11/2020 22:37,28.456,0,0
34,02/11/2020 23:37,28.456,0,0
35,02/12/2020 00:37,28.456,0,0
36,02/12/2020 01:37,28.456,0,0
37,02/12/2020 02:37,28.456,0,0
38,02/12/2020 03:37,28.357,0,0
39,02/12/2020 04:37,28.357,0,0
40,02/12/2020 05:37,28.258,0,0
41,02/12/2020 06:37,28.357,183,183
42,02/12/2020 07:37,28.357,3616.7,2927.8
43,02/12/2020 08:37,28.555,10677.8,7233.4
44,02/12/2020 09:37,28.853,33066.9,18600.1
45,02/12/2020 10:37,29.053,22044.6,30311.3
46,02/12/2020 11:37,29.252,121245.2,49600.3
47,02/12/2020 12:37,29.752,242490.5,42711.4
48,02/12/2020 13:37,29.352,52355.9,22044.6
49,02/12/2020 14:37,29.352,38578,23422.4
50,02/12/2020 15:37,29.053,21355.7,15844.5
51,02/12/2020 16:37,28.754,9300.1,7233.4
52,02/12/2020 17:37,28.555,3444.5,2152.8
53,02/12/2020 18:37,28.555,236.8,96.9
54,02/12/2020 19:37,28.555,0,0
55,02/12/2020 20:37,28.456,0,0
56,02/12/2020 21:37,28.555,0,0
57,02/12/2020 22:37,28.555,0,0
58,02/12/2020 23:37,28.555,0,0
59,02/13/20 12:37:09 AM,28.555,0,0
60,02/13/20 01:37:09 AM,28.555,0,0
61,02/13/20 02:37:09 AM,28.555,0,0
62,02/13/20 03:37:09 AM,28.655,0,0
63,02/13/20 04:37:09 AM,28.754,0,0
64,02/13/20 05:37:09 AM,28.655,0,0
65,02/13/20 06:37:09 AM,28.655,21.5,53.8
66,02/13/20 07:37:09 AM,28.754,2927.8,1808.3
67,02/13/20 08:37:09 AM,28.853,8611.2,4994.5
68,02/13/20 09:37:09 AM,28.953,23422.4,9300.1
69,02/13/20 10:37:09 AM,29.252,37200.2,20666.8
70,02/13/20 11:37:09 AM,29.352,55111.5,14466.8
71,02/13/20 12:37:09 PM,29.652,126756.4,20666.8
72,02/13/20 01:37:09 PM,29.652,57867,27555.7
73,02/13/20 02:37:09 PM,29.652,44089.2,23422.4
74,02/13/20 03:37:09 PM,29.352,16533.4,16533.4
75,02/13/20 04:37:09 PM,29.152,11022.3,4477.8
76,02/13/20 05:37:09 PM,28.953,3100,2066.7
77,02/13/20 06:37:09 PM,28.853,226,96.9
78,02/13/20 07:37:09 PM,28.853,0,0
79,02/13/20 08:37:09 PM,28.953,0,0
80,02/13/20 09:37:09 PM,28.853,0,0
81,02/13/20 10:37:09 PM,28.853,0,0
82,02/13/20 11:37:09 PM,28.853,0,0
83,02/14/20 12:37:09 AM,28.853,0,0
84,02/14/20 01:37:09 AM,28.853,0,0
85,02/14/20 02:37:09 AM,28.754,0,0
86,02/14/20 03:37:09 AM,28.754,0,0
87,02/14/20 04:37:09 AM,28.853,0,0
88,02/14/20 05:37:09 AM,28.853,0,0
89,02/14/20 06:37:09 AM,28.853,107.6,96.9
90,02/14/20 07:37:09 AM,28.853,3100,1808.3
91,02/14/20 08:37:09 AM,29.053,8266.7,5166.7
92,02/14/20 09:37:09 AM,28.953,4305.6,2583.4
93,02/14/20 10:37:09 AM,29.352,28933.5,20666.8
94,02/14/20 11:37:09 AM,29.552,71644.9,27555.7
95,02/14/20 12:37:09 PM,29.752,49600.3,38578
96,02/14/20 01:37:09 PM,29.752,60622.6,31689.1
97,02/14/20 02:37:09 PM,29.452,52355.9,15844.5
98,02/14/20 03:37:09 PM,29.352,12400.1,12400.1
99,02/14/20 04:37:09 PM,29.252,2755.6,3961.1
100,02/14/20 05:37:09 PM,29.152,2755.6,1463.9
101,02/14/20 06:37:09 PM,29.152,215.3,75.3
102,02/14/20 07:37:09 PM,29.152,0,0
103,02/14/20 08:37:09 PM,29.152,0,0
104,02/14/20 09:37:09 PM,29.053,0,0
105,02/14/20 10:37:09 PM,29.053,0,0
106,02/14/20 11:37:09 PM,29.053,0,0
107,02/15/20 12:37:09 AM,29.053,0,0
108,02/15/20 01:37:09 AM,29.053,0,0
109,02/15/20 02:37:09 AM,29.053,0,0
110,02/15/20 03:37:09 AM,28.953,0,0
111,02/15/20 04:37:09 AM,28.853,0,0
112,02/15/20 05:37:09 AM,28.953,0,0
113,02/15/20 06:37:09 AM,29.053,64.6,107.6
114,02/15/20 07:37:09 AM,28.853,1550,538.2
115,02/15/20 08:37:09 AM,29.152,5166.7,4133.4
116,02/15/20 09:37:09 AM,29.152,2325,2755.6
117,02/15/20 10:37:09 AM,29.252,1722.2,5166.7
118,02/15/20 11:37:09 AM,29.252,4822.3,2927.8
119,02/15/20 12:37:09 PM,29.652,42711.4,27555.7
120,02/15/20 01:37:09 PM,29.552,14466.8,17911.2
121,02/15/20 02:37:09 PM,29.853,34444.7,22044.6
122,02/15/20 03:37:09 PM,29.552,13089,10333.4
123,02/15/20 04:37:09 PM,29.452,5166.7,4477.8
124,02/15/20 05:37:09 PM,29.352,3100,1980.6
125,02/15/20 06:37:09 PM,29.252,247.6,96.9
126,02/15/20 07:37:09 PM,29.252,0,0
127,02/15/20 08:37:09 PM,29.152,0,0
128,02/15/20 09:37:09 PM,29.252,0,0
129,02/15/20 10:37:09 PM,29.252,0,0
130,02/15/20 11:37:09 PM,29.252,0,0
131,02/16/20 12:37:09 AM,29.252,0,0
132,02/16/20 01:37:09 AM,29.152,0,0
133,02/16/20 02:37:09 AM,29.152,0,0
134,02/16/20 03:37:09 AM,29.152,0,0
135,02/16/20 04:37:09 AM,29.152,0,0
136,02/16/20 05:37:09 AM,29.152,0,0
137,02/16/20 06:37:09 AM,28.853,139.9,86.1
138,02/16/20 07:37:09 AM,29.152,2152.8,1130.2
139,02/16/20 08:37:09 AM,29.152,10677.8,3272.2
140,02/16/20 09:37:09 AM,29.352,12400.1,6544.5
141,02/16/20 10:37:09 AM,29.452,20666.8,10333.4
142,02/16/20 11:37:09 AM,29.652,26178,17911.2
143,02/16/20 12:37:09 PM,29.752,46844.8,16533.4
144,02/16/20 01:37:09 PM,29.853,49600.3,17911.2
145,02/16/20 02:37:09 PM,29.752,44089.2,17911.2
146,02/16/20 03:37:09 PM,29.953,26178,9300.1
147,02/16/20 04:37:09 PM,29.853,12400.1,5511.1
148,02/16/20 05:37:09 PM,29.652,4133.4,1636.1
149,02/16/20 06:37:09 PM,29.352,430.6,86.1
150,02/16/20 07:37:09 PM,29.352,0,0
151,02/16/20 08:37:09 PM,29.352,0,0
152,02/16/20 09:37:09 PM,29.252,0,0
153,02/16/20 10:37:09 PM,29.252,0,0
154,02/16/20 11:37:09 PM,29.252,0,0
155,02/17/20 12:37:09 AM,29.352,0,0
156,02/17/20 01:37:09 AM,29.252,0,0
157,02/17/20 02:37:09 AM,29.252,0,0
158,02/17/20 03:37:09 AM,29.252,0,0
159,02/17/20 04:37:09 AM,29.352,0,0
160,02/17/20 05:37:09 AM,29.252,0,0
161,02/17/20 06:37:09 AM,29.252,118.4,75.3
162,02/17/20 07:37:09 AM,29.352,2755.6,1108.7
163,02/17/20 08:37:09 AM,29.352,5338.9,1894.5
164,02/17/20 09:37:09 AM,29.552,16533.4,5338.9
165,02/17/20 10:37:09 AM,29.652,24800.2,11022.3
166,02/17/20 11:37:09 AM,29.752,22044.6,10333.4
167,02/17/20 12:37:09 PM,29.853,66133.8,13089
168,02/17/20 01:37:09 PM,30.054,33066.9,10677.8
169,02/17/20 02:37:09 PM,30.054,34444.7,9300.1
170,02/17/20 03:37:09 PM,30.054,24800.2,7577.8
171,02/17/20 04:37:09 PM,29.953,7577.8,3788.9
172,02/17/20 05:37:09 PM,29.752,3272.2,1463.9
173,02/17/20 06:37:09 PM,29.652,258.3,75.3
174,02/17/20 07:37:09 PM,29.652,0,0
175,02/17/20 08:37:09 PM,29.452,0,0
176,02/17/20 09:37:09 PM,29.352,0,0
177,02/17/20 10:37:09 PM,29.252,0,0
178,02/17/20 11:37:09 PM,29.352,0,0
179,02/18/20 12:37:09 AM,29.352,0,0
180,02/18/20 01:37:09 AM,29.352,0,0
181,02/18/20 02:37:09 AM,29.352,0,0
182,02/18/20 03:37:09 AM,29.352,0,0
183,02/18/20 04:37:09 AM,29.352,0,0
184,02/18/20 05:37:09 AM,29.352,0,0
185,02/18/20 06:37:09 AM,29.352,193.8,86.1
186,02/18/20 07:37:09 AM,29.452,1894.5,484.4
187,02/18/20 08:37:09 AM,29.552,13777.9,3444.5
188,02/18/20 09:37:09 AM,29.652,15844.5,4477.8
189,02/18/20 10:37:09 AM,29.752,30311.3,4994.5
190,02/18/20 11:37:09 AM,29.652,21355.7,7233.4
191,02/18/20 12:37:09 PM,29.552,21355.7,8611.2
192,02/18/20 01:37:09 PM,29.552,21355.7,6200
193,02/18/20 02:37:09 PM,29.752,19977.9,7233.4
194,02/18/20 03:37:09 PM,29.853,7233.4,3788.9
195,02/18/20 04:37:09 PM,29.953,5166.7,2152.8
196,02/18/20 05:37:09 PM,29.853,2152.8,828.8
197,02/18/20 06:37:09 PM,29.552,236.8,43.1
198,02/18/20 07:37:09 PM,29.652,0,0
199,02/18/20 08:37:09 PM,29.652,0,0
200,02/18/20 09:37:09 PM,29.652,0,0
201,02/18/20 10:37:09 PM,29.252,0,0
202,02/18/20 11:37:09 PM,29.152,0,0
203,02/19/20 12:37:09 AM,29.252,0,0
204,02/19/20 01:37:09 AM,29.452,0,0
205,02/19/20 02:37:09 AM,29.352,0,0
206,02/19/20 03:37:09 AM,29.252,0,0
207,02/19/20 04:37:09 AM,29.352,0,0
208,02/19/20 05:37:09 AM,29.352,0,0
209,02/19/20 06:37:09 AM,29.452,86.1,43.1
210,02/19/20 07:37:09 AM,29.552,2238.9,656.6
211,02/19/20 08:37:09 AM,29.652,5166.7,1722.2
212,02/19/20 09:37:09 AM,29.752,8266.7,3272.2
213,02/19/20 10:37:09 AM,29.853,13777.9,3272.2
214,02/19/20 11:37:09 AM,29.652,12400.1,5166.7
215,02/19/20 12:37:09 PM,29.552,17222.3,3444.5
216,02/19/20 01:37:09 PM,29.552,11022.3,5166.7
217,02/19/20 02:37:09 PM,29.652,14466.8,4822.3
218,02/19/20 03:37:09 PM,29.752,7233.4,2325
219,02/19/20 04:37:09 PM,29.752,4305.6,1550
220,02/19/20 05:37:09 PM,29.752,2066.7,538.2
221,02/19/20 06:37:09 PM,29.652,226,21.5
222,02/19/20 07:37:09 PM,29.652,0,0
223,02/19/20 08:37:09 PM,29.652,0,0
224,02/19/20 09:37:09 PM,29.652,0,0
225,02/19/20 10:37:09 PM,29.752,0,0
226,02/19/20 11:37:09 PM,29.652,0,0
227,02/20/20 12:37:09 AM,29.352,0,0
228,02/20/20 01:37:09 AM,29.252,0,0
229,02/20/20 02:37:09 AM,29.252,0,0
230,02/20/20 03:37:09 AM,29.352,0,0
231,02/20/20 04:37:09 AM,29.252,0,0
232,02/20/20 05:37:09 AM,29.252,0,0
233,02/20/20 06:37:09 AM,29.352,96.9,32.3
234,02/20/20 07:37:09 AM,29.452,2152.8,538.2
235,02/20/20 08:37:09 AM,29.652,6200,1894.5
236,02/20/20 09:37:09 AM,29.853,11711.2,2927.8
237,02/20/20 10:37:09 AM,29.853,14466.8,1463.9
238,02/20/20 11:37:09 AM,29.953,14466.8,4133.4
239,02/20/20 12:37:09 PM,29.652,19289,4650
240,02/20/20 01:37:09 PM,29.652,10677.8,2927.8
241,02/20/20 02:37:09 PM,29.652,8266.7,4305.6
242,02/20/20 03:37:09 PM,29.953,5511.1,15844.5
243,02/20/20 04:37:09 PM,29.853,9644.5,8611.2
244,02/20/20 05:37:09 PM,29.652,4822.3,3100
245,02/20/20 06:37:09 PM,29.652,667.4,226
246,02/20/20 07:37:09 PM,29.752,0,0
247,02/20/20 08:37:09 PM,29.752,0,0
248,02/20/20 09:37:09 PM,29.752,0,0
249,02/20/20 10:37:09 PM,29.853,0,0
250,02/20/20 11:37:09 PM,29.853,0,0
251,02/21/20 12:37:09 AM,29.552,0,0
252,02/21/20 01:37:09 AM,29.452,0,0
253,02/21/20 02:37:09 AM,29.452,0,0
254,02/21/20 03:37:09 AM,29.452,0,0
255,02/21/20 04:37:09 AM,29.452,0,0
256,02/21/20 05:37:09 AM,29.452,0,0
257,02/21/20 06:37:09 AM,29.452,322.9,226
258,02/21/20 07:37:09 AM,29.552,7577.8,2583.4
259,02/21/20 08:37:09 AM,29.652,23422.4,7577.8
260,02/21/20 09:37:09 AM,30.054,55111.5,20666.8
261,02/21/20 10:37:09 AM,30.356,55111.5,26178
262,02/21/20 11:37:09 AM,30.154,93689.5,24800.2
263,02/21/20 12:37:09 PM,30.054,60622.6,34444.7
264,02/21/20 01:37:09 PM,30.255,55111.5,18600.1
265,02/21/20 02:37:09 PM,29.853,44089.2,17222.3
266,02/21/20 03:37:09 PM,29.752,22044.6,10333.4
267,02/21/20 04:37:09 PM,29.853,8266.7,7577.8
268,02/21/20 05:37:09 PM,29.552,3444.5,2238.9
269,02/21/20 06:37:09 PM,29.552,538.2,172.2
270,02/21/20 07:37:09 PM,29.652,0,0
271,02/21/20 08:37:09 PM,29.652,0,0
272,02/21/20 09:37:09 PM,29.652,0,0
273,02/21/20 10:37:09 PM,29.652,0,0
274,02/21/20 11:37:09 PM,29.752,0,0
275,02/22/20 12:37:09 AM,29.752,0,0
276,02/22/20 01:37:09 AM,29.853,0,0
277,02/22/20 02:37:09 AM,29.752,0,0
278,02/22/20 03:37:09 AM,29.752,0,0
279,02/22/20 04:37:09 AM,29.752,0,0
280,02/22/20 05:37:09 AM,29.752,0,0
281,02/22/20 06:37:09 AM,29.652,107.6,118.4
282,02/22/20 07:37:09 AM,29.752,5166.7,2238.9
283,02/22/20 08:37:09 AM,29.853,18600.1,6544.5
284,02/22/20 09:37:09 AM,29.953,27555.7,3961.1
285,02/22/20 10:37:09 AM,30.255,44089.2,22044.6
286,02/22/20 11:37:09 AM,30.356,121245.2,27555.7
287,02/22/20 12:37:09 PM,30.356,37200.2,28933.5
288,02/22/20 01:37:09 PM,30.356,52355.9,26178
289,02/22/20 02:37:09 PM,30.255,46844.8,17911.2
290,02/22/20 03:37:09 PM,30.154,16533.4,9644.5
291,02/22/20 04:37:09 PM,29.953,7233.4,5166.7
292,02/22/20 05:37:09 PM,29.853,2927.8,1894.5
293,02/22/20 06:37:09 PM,29.853,344.4,96.9
294,02/22/20 07:37:09 PM,29.953,0,0
295,02/22/20 08:37:09 PM,29.953,0,0
296,02/22/20 09:37:09 PM,29.853,0,0
297,02/22/20 10:37:09 PM,29.853,0,0
298,02/22/20 11:37:09 PM,29.853,0,0
299,02/23/20 12:37:09 AM,29.853,0,0
300,02/23/20 01:37:09 AM,29.953,0,0
301,02/23/20 02:37:09 AM,29.953,0,0
302,02/23/20 03:37:09 AM,29.953,0,0
303,02/23/20 04:37:09 AM,29.953,0,0
304,02/23/20 05:37:09 AM,29.853,0,0
305,02/23/20 06:37:09 AM,29.853,150.7,150.7
306,02/23/20 07:37:09 AM,29.853,4822.3,1980.6
307,02/23/20 08:37:09 AM,29.953,38578,5166.7
308,02/23/20 09:37:09 AM,29.953,19289,4477.8
309,02/23/20 10:37:09 AM,30.154,38578,24800.2
310,02/23/20 11:37:09 AM,30.154,22044.6,10677.8
311,02/23/20 12:37:09 PM,30.154,66133.8,5511.1
312,02/23/20 01:37:09 PM,30.255,46844.8,7577.8
313,02/23/20 02:37:09 PM,30.255,33066.9,13089
314,02/23/20 03:37:09 PM,30.054,4994.5,10333.4
315,02/23/20 04:37:09 PM,29.953,6200,5338.9
316,02/23/20 05:37:09 PM,29.953,2066.7,1636.1
317,02/23/20 06:37:09 PM,29.853,183,86.1
318,02/23/20 07:37:09 PM,29.953,0,0
319,02/23/20 08:37:09 PM,29.953,0,0
320,02/23/20 09:37:09 PM,29.853,0,0
321,02/23/20 10:37:09 PM,29.853,0,0
322,02/23/20 11:37:09 PM,29.853,0,0
323,02/24/20 12:37:09 AM,29.853,0,0
324,02/24/20 01:37:09 AM,29.953,0,0
325,02/24/20 02:37:09 AM,29.953,0,0
326,02/24/20 03:37:09 AM,30.054,0,0
327,02/24/20 04:37:09 AM,30.054,0,0
328,02/24/20 05:37:09 AM,29.853,0,0
329,02/24/20 06:37:09 AM,30.054,107.6,118.4
330,02/24/20 07:37:09 AM,29.752,2325,1550
331,02/24/20 08:37:09 AM,29.953,8611.2,4650
332,02/24/20 09:37:09 AM,30.154,33066.9,11711.2
333,02/24/20 10:37:09 AM,30.356,231468.2,22044.6
334,02/24/20 11:37:09 AM,30.255,57867,8266.7
335,02/24/20 12:37:09 PM,30.457,42711.4,22044.6
336,02/24/20 01:37:09 PM,30.255,35822.5,20666.8
337,02/24/20 02:37:09 PM,30.154,24800.2,12400.1
338,02/24/20 03:37:09 PM,30.054,12400.1,7233.4
339,02/24/20 04:37:09 PM,30.054,6544.5,3272.2
340,02/24/20 05:37:09 PM,29.953,2927.8,1636.1
341,02/24/20 06:37:09 PM,29.853,150.7,53.8
342,02/24/20 07:37:09 PM,29.853,0,0
343,02/24/20 08:37:09 PM,29.953,0,0
344,02/24/20 09:37:09 PM,29.953,0,0
345,02/24/20 10:37:09 PM,29.853,0,0
346,02/24/20 11:37:09 PM,29.853,0,0
347,02/25/20 12:37:09 AM,29.853,0,0
348,02/25/20 01:37:09 AM,29.752,0,0
349,02/25/20 02:37:09 AM,29.652,0,0
350,02/25/20 03:37:09 AM,29.552,0,0
351,02/25/20 04:37:09 AM,29.552,0,0
352,02/25/20 05:37:09 AM,29.752,0,0
353,02/25/20 06:37:09 AM,29.552,86.1,75.3
354,02/25/20 07:37:09 AM,29.652,1367,1011.8
355,02/25/20 08:37:09 AM,29.752,8611.2,3616.7
356,02/25/20 09:37:09 AM,29.953,16533.4,9644.5
357,02/25/20 10:37:09 AM,30.154,39955.8,13089
358,02/25/20 11:37:09 AM,30.356,220445.9,7233.4
359,02/25/20 12:37:09 PM,30.457,77156.1,15155.7
360,02/25/20 01:37:09 PM,30.356,44089.2,10677.8
361,02/25/20 02:37:09 PM,29.953,22044.6,11022.3
362,02/25/20 03:37:09 PM,29.752,10677.8,6200
363,02/25/20 04:37:09 PM,29.752,5338.9,3444.5
364,02/25/20 05:37:09 PM,29.752,1550,914.9
365,02/25/20 06:37:09 PM,29.552,75.3,21.5
366,02/25/20 07:37:09 PM,29.652,0,0
367,02/25/20 08:37:09 PM,29.853,0,0
368,02/25/20 09:37:09 PM,30.054,0,0
369,02/25/20 10:37:09 PM,30.054,0,0
370,02/25/20 11:37:09 PM,29.953,0,0
371,02/26/20 12:37:09 AM,30.054,0,0
372,02/26/20 01:37:09 AM,30.054,0,0
373,02/26/20 02:37:09 AM,29.953,0,0
374,02/26/20 03:37:09 AM,29.752,0,0
375,02/26/20 04:37:09 AM,29.752,0,0
376,02/26/20 05:37:09 AM,29.752,0,0
377,02/26/20 06:37:09 AM,29.752,21.5,21.5
378,02/26/20 07:37:09 AM,29.752,1270.1,764.2
379,02/26/20 08:37:09 AM,29.953,2497.2,1636.1
380,02/26/20 09:37:09 AM,29.953,5511.1,2755.6
381,02/26/20 10:37:09 AM,29.953,5511.1,2497.2
382,02/26/20 11:37:09 AM,30.054,9300.1,1377.8
383,02/26/20 12:37:09 PM,30.255,30311.3,6200
384,02/26/20 01:37:09 PM,30.255,17222.3,18600.1
385,02/26/20 02:37:09 PM,30.054,5511.1,8611.2
386,02/26/20 03:37:09 PM,29.953,5166.7,6200
387,02/26/20 04:37:09 PM,30.154,2152.8,2669.5
388,02/26/20 05:37:09 PM,30.054,710.4,753.5
389,02/26/20 06:37:09 PM,29.953,32.3,10.8
390,02/26/20 07:37:09 PM,29.853,0,0
391,02/26/20 08:37:09 PM,29.853,0,0
392,02/26/20 09:37:09 PM,29.853,0,0
393,02/26/20 10:37:09 PM,29.953,0,0
394,02/26/20 11:37:09 PM,29.953,0,0
395,02/27/20 12:37:09 AM,29.953,0,0
396,02/27/20 01:37:09 AM,29.953,0,0
397,02/27/20 02:37:09 AM,29.953,0,0
398,02/27/20 03:37:09 AM,29.953,0,0
399,02/27/20 04:37:09 AM,29.752,0,0
400,02/27/20 05:37:09 AM,29.752,0,0
401,02/27/20 06:37:09 AM,29.752,10.8,53.8
402,02/27/20 07:37:09 AM,29.853,258.3,549
403,02/27/20 08:37:09 AM,29.853,979.5,1636.1
404,02/27/20 09:37:09 AM,30.054,3272.2,4305.6
405,02/27/20 10:37:09 AM,30.154,3961.1,5166.7
406,02/27/20 11:37:09 AM,30.356,10677.8,13089
407,02/27/20 12:37:09 PM,30.457,11022.3,12400.1
408,02/27/20 01:37:09 PM,30.356,4305.6,9644.5
409,02/27/20 02:37:09 PM,30.356,2238.9,7577.8
410,02/27/20 03:37:09 PM,30.054,958,3616.7
411,02/27/20 04:37:09 PM,30.255,409,1550
412,02/27/20 05:37:09 PM,30.154,139.9,495.1
413,02/27/20 06:37:09 PM,29.853,0,10.8
414,02/27/20 07:37:09 PM,29.853,0,0
415,02/27/20 08:37:09 PM,29.853,0,0
416,02/27/20 09:37:09 PM,29.953,0,0
417,02/27/20 10:37:09 PM,30.054,0,0
418,02/27/20 11:37:09 PM,30.054,0,0
419,02/28/20 12:37:09 AM,30.154,0,0
420,02/28/20 01:37:09 AM,30.154,0,0
421,02/28/20 02:37:09 AM,30.154,0,0
422,02/28/20 03:37:09 AM,30.154,0,0
423,02/28/20 04:37:09 AM,29.953,0,0
424,02/28/20 05:37:09 AM,29.953,0,0
425,02/28/20 06:37:09 AM,29.853,0,53.8
426,02/28/20 07:37:09 AM,29.953,10.8,699.7
427,02/28/20 08:37:09 AM,30.054,53.8,1636.1
428,02/28/20 09:37:09 AM,30.154,139.9,4305.6
429,02/28/20 10:37:09 AM,30.255,279.9,2755.6
430,02/28/20 11:37:09 AM,30.457,2238.9,6544.5
431,02/28/20 12:37:09 PM,30.558,516.7,13777.9
432,02/28/20 01:37:09 PM,30.659,279.9,14466.8
433,02/28/20 02:37:09 PM,30.558,129.2,10333.4
434,02/28/20 03:37:09 PM,30.154,64.6,4650
435,02/28/20 04:37:09 PM,30.054,21.5,1130.2
436,02/28/20 05:37:09 PM,30.054,0,462.9
437,02/28/20 06:37:09 PM,29.953,0,10.8
438,02/28/20 07:37:09 PM,29.953,0,0
439,02/28/20 08:37:09 PM,29.953,0,0
440,02/28/20 09:37:09 PM,30.054,0,0
441,02/28/20 10:37:09 PM,30.154,0,0
442,02/28/20 11:37:09 PM,30.154,0,0
443,02/29/20 12:37:09 AM,30.255,0,0
444,02/29/20 01:37:09 AM,30.154,0,0
445,02/29/20 02:37:09 AM,30.154,0,0
446,02/29/20 03:37:09 AM,30.154,0,0
447,02/29/20 04:37:09 AM,30.154,0,0
448,02/29/20 05:37:09 AM,30.154,0,0
449,02/29/20 06:37:09 AM,30.054,0,43.1
450,02/29/20 07:37:09 AM,30.054,0,549
451,02/29/20 08:37:09 AM,30.154,0,1894.5
452,02/29/20 09:37:09 AM,30.255,10.8,3616.7
453,02/29/20 10:37:09 AM,30.255,21.5,3961.1
454,02/29/20 11:37:09 AM,30.255,32.3,6200
455,02/29/20 12:37:09 PM,30.356,75.3,7233.4
456,02/29/20 01:37:09 PM,30.558,107.6,11711.2
457,02/29/20 02:37:09 PM,30.558,86.1,6544.5
458,02/29/20 03:37:09 PM,30.457,32.3,3961.1
459,02/29/20 04:37:09 PM,30.356,10.8,2066.7
460,02/29/20 05:37:09 PM,30.255,32.3,602.8
461,02/29/20 06:37:09 PM,30.255,0,10.8
462,02/29/20 07:37:09 PM,30.154,0,0
463,02/29/20 08:37:09 PM,30.154,0,0
464,02/29/20 09:37:09 PM,30.154,0,0
465,02/29/20 10:37:09 PM,30.154,0,0
466,02/29/20 11:37:09 PM,30.154,0,0
467,03/01/2020 00:37,30.154,0,0
468,03/01/2020 01:37,30.255,0,0
469,03/01/2020 02:37,30.154,0,0
470,03/01/2020 03:37,30.154,0,0
471,03/01/2020 04:37,30.255,0,0
472,03/01/2020 05:37,30.255,0,0
473,03/01/2020 06:37,30.154,0,21.5
474,03/01/2020 07:37,30.154,0,484.4
475,03/01/2020 08:37,30.255,0,990.3
476,03/01/2020 09:37,30.255,10.8,1722.2
477,03/01/2020 10:37,30.356,21.5,3272.2
478,03/01/2020 11:37,30.558,43.1,5166.7
479,03/01/2020 12:37,30.659,53.8,6544.5
480,03/01/2020 13:37,30.659,43.1,8266.7
481,03/01/2020 14:37,30.76,32.3,5511.1
482,03/01/2020 15:37,30.76,21.5,1722.2
483,03/01/2020 16:37,30.457,0,721.2
484,03/01/2020 17:37,30.558,0,387.5
485,03/01/2020 18:37,30.457,0,0
486,03/01/2020 19:37,30.457,0,0
487,03/01/2020 20:37,30.457,0,0
488,03/01/2020 21:37,30.558,0,0
489,03/01/2020 22:37,30.558,0,0
490,03/01/2020 23:37,30.659,0,0
491,03/02/2020 00:37,30.659,0,0
492,03/02/2020 01:37,30.558,0,0
493,03/02/2020 02:37,30.558,0,0
494,03/02/2020 03:37,30.457,0,0
495,03/02/2020 04:37,30.457,0,0
496,03/02/2020 05:37,30.457,0,0
497,03/02/2020 06:37,30.356,0,21.5
498,03/02/2020 07:37,30.356,0,118.4
499,03/02/2020 08:37,30.356,0,355.2
500,03/02/2020 09:37,30.356,0,473.6
501,03/02/2020 10:37,30.255,0,32.3
502,03/02/2020 11:37,30.255,0,64.6
503,03/02/2020 12:37,30.457,0,139.9
504,03/02/2020 13:37,30.255,0,215.3
505,03/02/2020 14:37,30.255,0,398.3
506,03/02/2020 15:37,30.255,0,495.1
507,03/02/2020 16:37,30.255,0,376.7
508,03/02/2020 17:37,30.255,0,161.5
509,03/02/2020 18:37,30.255,0,0
510,03/02/2020 19:37,30.154,0,0
511,03/02/2020 20:37,30.154,0,0
512,03/02/2020 21:37,30.054,0,0
513,03/02/2020 22:37,29.953,0,0
514,03/02/2020 23:37,29.853,0,0
515,03/03/2020 00:37,30.154,0,0
516,03/03/2020 01:37,30.054,0,0
517,03/03/2020 02:37,30.054,0,0
518,03/03/2020 03:37,29.953,0,0
519,03/03/2020 04:37,29.953,0,0
520,03/03/2020 05:37,29.953,0,0
521,03/03/2020 06:37,29.953,0,10.8
522,03/03/2020 07:37,29.853,0,193.8
523,03/03/2020 08:37,29.853,0,430.6
524,03/03/2020 09:37,29.853,0,1280.9
525,03/03/2020 10:37,29.953,21.5,1550
526,03/03/2020 11:37,30.154,53.8,2669.5
527,03/03/2020 12:37,30.356,46844.8,1377.8
528,03/03/2020 13:37,30.154,60622.6,2411.1
529,03/03/2020 14:37,30.255,34444.7,1894.5
530,03/03/2020 15:37,30.356,17911.2,1205.6
531,03/03/2020 16:37,30.255,12400.1,505.9
532,03/03/2020 17:37,30.154,4305.6,150.7
533,03/03/2020 18:37,30.154,247.6,0
534,03/03/2020 19:37,30.154,0,0
535,03/03/2020 20:37,30.255,0,0
536,03/03/2020 21:37,30.255,0,0
537,03/03/2020 22:37,30.255,0,0
538,03/03/2020 23:37,30.255,0,0
539,03/04/2020 00:37,30.356,0,0
540,03/04/2020 01:37,30.356,0,0
541,03/04/2020 02:37,30.356,0,0
542,03/04/2020 03:37,30.356,0,0
543,03/04/2020 04:37,30.356,0,0
544,03/04/2020 05:37,30.356,0,0
545,03/04/2020 06:37,30.356,279.9,10.8
546,03/04/2020 07:37,30.356,4650,172.2
547,03/04/2020 08:37,30.356,10333.4,355.2
548,03/04/2020 09:37,30.356,20666.8,549
549,03/04/2020 10:37,30.356,26178,807.3
550,03/04/2020 11:37,30.457,10677.8,688.9
551,03/04/2020 12:37,30.659,31689.1,1033.3
552,03/04/2020 13:37,30.659,44089.2,914.9
553,03/04/2020 14:37,30.659,26178,742.7
554,03/04/2020 15:37,30.862,11711.2,484.4
555,03/04/2020 16:37,30.76,5166.7,129.2
556,03/04/2020 17:37,30.963,3788.9,64.6
557,03/04/2020 18:37,30.862,107.6,0
558,03/04/2020 19:37,30.558,0,0
559,03/04/2020 20:37,30.558,0,0
560,03/04/2020 21:37,30.558,0,0
561,03/04/2020 22:37,30.558,0,0
562,03/04/2020 23:37,30.457,0,0
563,03/05/2020 00:37,30.457,0,0
564,03/05/2020 01:37,30.356,0,0
565,03/05/2020 02:37,30.255,0,0
566,03/05/2020 03:37,30.255,0,0
567,03/05/2020 04:37,30.255,0,0
568,03/05/2020 05:37,30.154,0,0
569,03/05/2020 06:37,30.154,75.3,0
570,03/05/2020 07:37,30.154,3616.7,86.1
571,03/05/2020 08:37,30.255,10333.4,161.5
572,03/05/2020 09:37,30.356,33066.9,1302.4
573,03/05/2020 10:37,30.457,31689.1,2755.6
574,03/05/2020 11:37,30.558,9300.1,1636.1
575,03/05/2020 12:37,30.356,7233.4,1054.9
576,03/05/2020 13:37,30.457,20666.8,3100
577,03/05/2020 14:37,30.558,22044.6,3272.2
578,03/05/2020 15:37,30.457,5166.7,807.3
579,03/05/2020 16:37,30.457,8611.2,1108.7
580,03/05/2020 17:37,30.457,8611.2,1011.8
581,03/05/2020 18:37,30.457,312.2,10.8
582,03/05/2020 19:37,30.457,0,0
583,03/05/2020 20:37,30.457,0,0
584,03/05/2020 21:37,30.356,0,0
585,03/05/2020 22:37,30.356,0,0
586,03/05/2020 23:37,30.356,0,0
587,03/06/2020 00:37,30.356,0,0
588,03/06/2020 01:37,30.356,0,0
589,03/06/2020 02:37,30.255,0,0
590,03/06/2020 03:37,30.255,0,0
591,03/06/2020 04:37,30.255,0,0
592,03/06/2020 05:37,30.154,0,0
593,03/06/2020 06:37,30.154,215.3,21.5
594,03/06/2020 07:37,30.255,1808.3,344.4
595,03/06/2020 08:37,30.255,5166.7,925.7
596,03/06/2020 09:37,30.356,26178,1313.2
597,03/06/2020 10:37,30.457,30311.3,2411.1
598,03/06/2020 11:37,30.862,30311.3,28933.5
599,03/06/2020 12:37,30.963,3444.5,26178
600,03/06/2020 13:37,31.268,26178,21355.7
601,03/06/2020 14:37,31.37,60622.6,22044.6
602,03/06/2020 15:37,30.862,13089,7233.4
603,03/06/2020 16:37,30.963,16533.4,11711.2
604,03/06/2020 17:37,30.76,5338.9,2325
605,03/06/2020 18:37,30.659,118.4,43.1
606,03/06/2020 19:37,30.356,0,0
607,03/06/2020 20:37,30.457,0,0
608,03/06/2020 21:37,30.76,0,0
609,03/06/2020 22:37,30.76,0,0
610,03/06/2020 23:37,30.457,0,0
611,03/07/2020 00:37,30.457,0,0
612,03/07/2020 01:37,30.457,0,0
613,03/07/2020 02:37,30.356,0,0
614,03/07/2020 03:37,30.356,0,0
615,03/07/2020 04:37,30.255,0,0
616,03/07/2020 05:37,30.054,0,0
617,03/07/2020 06:37,30.255,172.2,226
618,03/07/2020 07:37,30.356,3272.2,3100
619,03/07/2020 08:37,30.356,2669.5,3444.5
620,03/07/2020 09:37,30.457,11711.2,8611.2
621,03/07/2020 10:37,30.558,15844.5,12400.1
622,03/07/2020 11:37,30.862,22044.6,26178
623,03/07/2020 12:37,30.76,15844.5,34444.7
624,03/07/2020 13:37,31.064,33066.9,23422.4
625,03/07/2020 14:37,30.862,20666.8,15844.5
626,03/07/2020 15:37,30.862,24800.2,11711.2
627,03/07/2020 16:37,30.76,16533.4,8266.7
628,03/07/2020 17:37,30.659,5166.7,2583.4
629,03/07/2020 18:37,30.76,409,107.6
630,03/07/2020 19:37,30.659,0,0
631,03/07/2020 20:37,30.558,0,0
632,03/07/2020 21:37,30.558,0,0
633,03/07/2020 22:37,30.457,0,0
634,03/07/2020 23:37,30.457,0,0
635,03/08/2020 00:37,30.457,0,0
636,03/08/2020 01:37,30.356,0,0
637,03/08/2020 02:37,30.356,0,0
638,03/08/2020 03:37,30.356,0,0
639,03/08/2020 04:37,30.356,0,0
640,03/08/2020 05:37,30.356,0,0
641,03/08/2020 06:37,30.255,290.6,269.1
642,03/08/2020 07:37,30.356,2755.6,2497.2
643,03/08/2020 08:37,30.558,11022.3,8266.7
644,03/08/2020 09:37,30.76,12400.1,14466.8
645,03/08/2020 10:37,30.76,41333.6,6544.5
646,03/08/2020 11:37,30.862,35822.5,22044.6
647,03/08/2020 12:37,30.862,52355.9,30311.3
648,03/08/2020 13:37,31.268,39955.8,22044.6
649,03/08/2020 14:37,30.76,21355.7,17222.3
650,03/08/2020 15:37,30.76,19289,11711.2
651,03/08/2020 16:37,30.558,13089,5511.1
652,03/08/2020 17:37,30.659,5511.1,1894.5
653,03/08/2020 18:37,30.963,236.8,32.3
654,03/08/2020 19:37,30.76,0,0
655,03/08/2020 20:37,30.659,0,0
656,03/08/2020 21:37,30.76,0,0
657,03/08/2020 22:37,30.659,0,0
658,03/08/2020 23:37,30.659,0,0
659,03/09/2020 00:37,30.558,0,0
660,03/09/2020 01:37,30.558,0,0
661,03/09/2020 02:37,30.457,0,0
662,03/09/2020 03:37,30.558,0,0
663,03/09/2020 04:37,30.457,0,0
664,03/09/2020 05:37,30.558,0,0
665,03/09/2020 06:37,30.558,129.2,150.7
666,03/09/2020 07:37,30.558,3788.9,2497.2
667,03/09/2020 08:37,30.76,14466.8,10677.8
668,03/09/2020 09:37,30.862,38578,15155.7
669,03/09/2020 10:37,30.963,37200.2,17911.2
670,03/09/2020 11:37,31.166,44089.2,35822.5
671,03/09/2020 12:37,31.268,52355.9,37200.2
672,03/09/2020 13:37,31.064,27555.7,21355.7
673,03/09/2020 14:37,31.268,28933.5,17222.3
674,03/09/2020 15:37,30.963,21355.7,9300.1
675,03/09/2020 16:37,30.862,7577.8,4477.8
676,03/09/2020 17:37,30.862,1980.6,914.9
677,03/09/2020 18:37,31.064,139.9,21.5
678,03/09/2020 19:37,30.963,0,0
679,03/09/2020 20:37,31.064,0,0
680,03/09/2020 21:37,31.064,0,0
681,03/09/2020 22:37,30.963,0,0
682,03/09/2020 23:37,30.862,0,0
683,03/10/2020 00:37,30.862,0,0
684,03/10/2020 01:37,30.659,0,0
685,03/10/2020 02:37,30.558,0,0
686,03/10/2020 03:37,30.76,0,0
687,03/10/2020 04:37,30.659,0,0
688,03/10/2020 05:37,30.659,0,0
689,03/10/2020 06:37,30.659,172.2,161.5
690,03/10/2020 07:37,30.659,2583.4,1141
691,03/10/2020 08:37,30.76,7577.8,3444.5
692,03/10/2020 09:37,30.862,24800.2,8611.2
693,03/10/2020 10:37,31.064,137778.7,18600.1
694,03/10/2020 11:37,31.166,110223,21355.7
695,03/10/2020 12:37,31.166,49600.3,17222.3
696,03/10/2020 13:37,31.064,23422.4,7577.8
697,03/10/2020 14:37,31.064,42711.4,5166.7
698,03/10/2020 15:37,30.963,11022.3,2755.6
699,03/10/2020 16:37,30.862,6544.5,2497.2
700,03/10/2020 17:37,30.76,1894.5,656.6
701,03/10/2020 18:37,30.862,118.4,10.8
702,03/10/2020 19:37,30.963,0,0
703,03/10/2020 20:37,31.064,0,0
704,03/10/2020 21:37,30.963,0,0
705,03/10/2020 22:37,30.963,0,0
706,03/10/2020 23:37,30.963,0,0
707,03/11/2020 00:37,30.963,0,0
708,03/11/2020 01:37,30.76,0,0
709,03/11/2020 02:37,30.659,0,0
710,03/11/2020 03:37,30.76,0,0
711,03/11/2020 04:37,30.76,0,0
712,03/11/2020 05:37,30.76,0,0
713,03/11/2020 06:37,30.659,129.2,53.8
714,03/11/2020 07:37,30.76,1808.3,710.4
715,03/11/2020 08:37,30.862,4650,1980.6
716,03/11/2020 09:37,30.963,12400.1,5166.7
717,03/11/2020 10:37,31.472,121245.2,30311.3
718,03/11/2020 11:37,31.676,209423.6,44089.2
719,03/11/2020 12:37,31.268,55111.5,22044.6
720,03/11/2020 13:37,31.37,34444.7,16533.4
721,03/11/2020 14:37,31.064,17911.2,8266.7
722,03/11/2020 15:37,30.963,10333.4,4822.3
723,03/11/2020 16:37,30.963,5511.1,2669.5
724,03/11/2020 17:37,30.76,2066.7,1377.8
725,03/11/2020 18:37,30.862,86.1,21.5
726,03/11/2020 19:37,30.862,0,0
727,03/11/2020 20:37,30.862,0,0
728,03/11/2020 21:37,30.963,0,0
729,03/11/2020 22:37,30.963,0,0
730,03/11/2020 23:37,30.862,0,0
731,03/12/2020 00:37,30.862,0,0
732,03/12/2020 01:37,30.862,0,0
733,03/12/2020 02:37,30.76,0,0
734,03/12/2020 03:37,30.659,0,0
735,03/12/2020 04:37,30.558,0,0
736,03/12/2020 05:37,30.558,0,0
737,03/12/2020 06:37,30.659,75.3,64.6
738,03/12/2020 07:37,30.659,2152.8,1194.8
739,03/12/2020 08:37,30.76,8611.2,4477.8
740,03/12/2020 09:37,30.963,19977.9,6200
741,03/12/2020 10:37,31.064,34444.7,12400.1
742,03/12/2020 11:37,31.676,187379,39955.8
743,03/12/2020 12:37,31.37,104711.8,27555.7
744,03/12/2020 13:37,31.268,23422.4,24800.2
745,03/12/2020 14:37,31.268,37200.2,19289
746,03/12/2020 15:37,30.963,10333.4,11711.2
747,03/12/2020 16:37,30.76,2927.8,2583.4
748,03/12/2020 17:37,30.659,3444.5,1808.3
749,03/12/2020 18:37,30.558,64.6,21.5
750,03/12/2020 19:37,30.558,0,0
751,03/12/2020 20:37,30.76,0,0
752,03/12/2020 21:37,30.76,0,0
753,03/12/2020 22:37,30.862,0,0
754,03/12/2020 23:37,30.862,0,0
755,03/13/20 12:37:09 AM,30.862,0,0
756,03/13/20 01:37:09 AM,30.862,0,0
757,03/13/20 02:37:09 AM,30.76,0,0
758,03/13/20 03:37:09 AM,30.558,0,0
759,03/13/20 04:37:09 AM,30.457,0,0
760,03/13/20 05:37:09 AM,30.457,0,0
761,03/13/20 06:37:09 AM,30.457,118.4,129.2
762,03/13/20 07:37:09 AM,30.457,1980.6,1377.8
763,03/13/20 08:37:09 AM,30.558,5166.7,3444.5
764,03/13/20 09:37:09 AM,30.76,7233.4,5166.7
765,03/13/20 10:37:09 AM,30.963,20666.8,7577.8
766,03/13/20 11:37:09 AM,31.166,49600.3,18600.1
767,03/13/20 12:37:09 PM,31.472,93689.5,30311.3
768,03/13/20 01:37:09 PM,31.574,110223,37200.2
769,03/13/20 02:37:09 PM,31.268,37200.2,20666.8
770,03/13/20 03:37:09 PM,31.064,27555.7,9644.5
771,03/13/20 04:37:09 PM,30.862,75.3,6200
772,03/13/20 05:37:09 PM,30.862,613.5,1356.3
773,03/13/20 06:37:09 PM,30.862,21.5,10.8
774,03/13/20 07:37:09 PM,30.76,0,0
775,03/13/20 08:37:09 PM,30.659,0,0
776,03/13/20 09:37:09 PM,30.659,0,0
777,03/13/20 10:37:09 PM,30.76,0,0
778,03/13/20 11:37:09 PM,30.76,0,0
779,03/14/20 12:37:09 AM,30.76,0,0
780,03/14/20 01:37:09 AM,30.76,0,0
781,03/14/20 02:37:09 AM,30.76,0,0
782,03/14/20 03:37:09 AM,30.862,0,0
783,03/14/20 04:37:09 AM,30.659,0,0
784,03/14/20 05:37:09 AM,30.659,0,0
785,03/14/20 06:37:09 AM,30.558,53.8,64.6
786,03/14/20 07:37:09 AM,30.659,678.1,1076.4
787,03/14/20 08:37:09 AM,30.659,2497.2,4305.6
788,03/14/20 09:37:09 AM,30.862,5338.9,7577.8
789,03/14/20 10:37:09 AM,31.064,16533.4,24800.2
790,03/14/20 11:37:09 AM,31.064,42711.4,26178
791,03/14/20 12:37:09 PM,31.37,28933.5,34444.7
792,03/14/20 01:37:09 PM,30.963,2238.9,3788.9
793,03/14/20 02:37:09 PM,31.166,7233.4,9644.5
794,03/14/20 03:37:09 PM,31.064,4822.3,5338.9
795,03/14/20 04:37:09 PM,30.76,1173.3,1636.1
796,03/14/20 05:37:09 PM,30.659,850.4,1194.8
797,03/14/20 06:37:09 PM,30.558,21.5,21.5
798,03/14/20 07:37:09 PM,30.558,0,0
799,03/14/20 08:37:09 PM,30.558,0,0
800,03/14/20 09:37:09 PM,30.558,0,0
801,03/14/20 10:37:09 PM,30.659,0,0
802,03/14/20 11:37:09 PM,30.76,0,0
803,03/15/20 12:37:09 AM,30.76,0,0
804,03/15/20 01:37:09 AM,30.76,0,0
805,03/15/20 02:37:09 AM,30.76,0,0
806,03/15/20 03:37:09 AM,30.76,0,0
807,03/15/20 04:37:09 AM,30.76,0,0
808,03/15/20 05:37:09 AM,30.457,0,0
809,03/15/20 06:37:09 AM,30.356,64.6,183
810,03/15/20 07:37:09 AM,30.457,1001,1894.5
811,03/15/20 08:37:09 AM,30.457,2755.6,4994.5
812,03/15/20 09:37:09 AM,30.659,6544.5,8611.2
813,03/15/20 10:37:09 AM,30.862,10333.4,16533.4
814,03/15/20 11:37:09 AM,31.064,27555.7,24800.2
815,03/15/20 12:37:09 PM,31.166,24800.2,20666.8
816,03/15/20 01:37:09 PM,31.268,12400.1,24800.2
817,03/15/20 02:37:09 PM,31.268,6200,19289
818,03/15/20 03:37:09 PM,31.166,3272.2,12400.1
819,03/15/20 04:37:09 PM,31.064,2583.4,5166.7
820,03/15/20 05:37:09 PM,30.862,861.1,1636.1
821,03/15/20 06:37:09 PM,30.862,21.5,21.5
822,03/15/20 07:37:09 PM,30.76,0,0
823,03/15/20 08:37:09 PM,30.76,0,0
824,03/15/20 09:37:09 PM,30.76,0,0
825,03/15/20 10:37:09 PM,30.862,0,0
826,03/15/20 11:37:09 PM,30.76,0,0
827,03/16/20 12:37:09 AM,30.76,0,0
828,03/16/20 01:37:09 AM,30.76,0,0
829,03/16/20 02:37:09 AM,30.76,0,0
830,03/16/20 03:37:09 AM,30.76,0,0
831,03/16/20 04:37:09 AM,30.76,0,0
832,03/16/20 05:37:09 AM,30.76,0,0
833,03/16/20 06:37:09 AM,30.659,53.8,161.5
834,03/16/20 07:37:09 AM,30.659,721.2,1097.9
835,03/16/20 08:37:09 AM,30.659,1722.2,4305.6
836,03/16/20 09:37:09 AM,30.76,2583.4,3616.7
837,03/16/20 10:37:09 AM,30.862,8266.7,10333.4
838,03/16/20 11:37:09 AM,31.166,3788.9,24800.2
839,03/16/20 12:37:09 PM,31.166,3100,34444.7
840,03/16/20 01:37:09 PM,31.37,57867,23422.4
841,03/16/20 02:37:09 PM,31.268,26178,35822.5
,,,,
,,,,
,,,,
,,,,
Plot Title: 20628545,,,,
