tree,treatment,origin,culture,stressed,serie ,c1L0,c1W1,c1W2,c2L0,c2W1,c2W2,c3L0,c3W1,c3W2,c4L0,c4W1,c4W2,c5L0,c5W1,c5W2,c6L0,c6W1,c6W2,c7L0,c7W1,c7W2,c8L0,c8W1,c8W2,c1L1,c1W11,c1W21,c2L1,c2W11,c2W21,c3L1,c3W11,c3W21,c4L1,c4W11,c4W21,c5L1,c5W11,c5W21,c6L1,c6W11,c6W21,c7L1,c7W11,c7W21,c8L1,c8W11,c8W21,c1L3,c1W13,c1W23,c2L3,c2W13,c2W23,c3L3,c3W13,c3W23,c4L3,c4W13,c4W23,c5L3,c5W13,c5W23,c6L3,c6W13,c6W23,c7L3,c7W13,c7W23,c8L3,c8W13,c8W23,c1EV0,c2EV0,c3EV0,c4EV0,c5EV0,c6EV0,c7EV0,c8EV0,c1EV1,c2EV1,c3EV1,c4EV1,c5EV1,c6EV1,c7EV1,c8EV1,c1EV3,c2EV3,c3EV3,c4EV3,c5EV3,c6EV3,c7EV3,c8EV3,c1oct-dec,c2oct-dec,c3oct-dec,c4oct-dec,c5oct-dec,c6oct-dec,c7oct-dec,c8oct-dec,c1dec-mar,c2dec-mar,c3dec-mar,c4dec-mar,c5dec-mar,c6dec-mar,c7dec-mar,c8dec-mar,c1oct-mar,c2oct-mar,c3oct-mar,c4oct-mar,c5oct-mar,c6oct-mar,c7oct-mar,c8oct-mar,
1,intsub,int,sub,no,replacement,NA,NA,NA,NA,NA,NA,NA,NA,NA,NA,NA,NA,NA,NA,NA,NA,NA,NA,NA,NA,NA,NA,NA,NA,4.3,4.4,3.8,4.1,3.5,3.2,4.9,2.8,2.2,5.1,3.9,1.9,4.6,2.8,1.8,4.3,2.3,1.9,4.9,2.3,2.2,3.9,3.4,3.3,NA,NA,NA,NA,NA,NA,5.7,6.4,4.9,NA,NA,NA,5.2,5.3,5.3,NA,NA,NA,NA,NA,NA,NA,NA,NA,NA,NA,NA,NA,NA,NA,NA,NA,56.77093544,36.13793664,24.05281875,33.68651263,19.11187891,14.89350537,19.48278319,34.37511047,NA,NA,142.9096754,NA,114.7215389,NA,NA,NA,NA,NA,NA,NA,NA,NA,NA,NA,NA,NA,0.016971053,NA,0.01706855,NA,NA,NA,NA,NA,NA,NA,NA,NA,NA,NA,
2,subsub,sub,sub,no,original,3.2,3.4,2.5,3.2,3.2,2.6,3.9,2.3,1.6,4.2,3.7,2.6,5.3,4.3,4,4.4,4.1,2.8,5.2,3,1.7,5.2,2.8,3.7,4.5,4.2,4,NA,NA,NA,4.8,2.5,2,4.6,2.4,2.2,6.7,5.1,3.1,5.7,5.4,3.3,5.5,3,2.3,NA,NA,NA,NA,NA,NA,8.2,6.7,6.7,NA,NA,NA,7.2,4.7,4.6,8.9,7.4,5.7,9.2,7.4,6.3,NA,NA,NA,8.1,5.5,5.2,21.87176805,21.13663537,11.64725841,32.73107576,71.69055531,41.13208722,22.55427906,43.13799412,59.41144407,NA,19.08517537,19.11187891,88.45703895,84.71167146,30.33502231,NA,NA,289.1034932,NA,122.2723569,299.8903479,339.046177,NA,182.0884773,0.017531407,NA,0.008663878,-0.009438858,0.003686982,0.012674822,0.005199616,NA,NA,NA,NA,0.020173271,0.013270651,0.015074814,NA,NA,NA,0.017794401,NA,0.008965483,0.009735088,0.014349305,NA,0.009796521,
3,intsub,int,sub,no,original,2.9,1.6,1.5,4.1,4.2,2.8,3.7,3.9,3.5,NA,NA,NA,5.2,4.3,2.9,5.5,5.2,3.6,3.9,2.4,3,3.8,3.1,1.6,3.2,2.8,1.6,4.8,4.7,3.4,4.3,4.3,3.9,NA,NA,NA,NA,NA,NA,6.3,4,2.6,4.4,3.1,3.2,4.4,3.4,2.4,NA,NA,NA,NA,NA,NA,NA,NA,NA,NA,NA,NA,NA,NA,NA,NA,NA,NA,5.6,4.4,3.5,NA,NA,NA,5.472065354,39.44662276,39.78277317,NA,52.92955303,83.62919644,22.32965518,16.48197316,12.16424675,61.8359682,56.77093544,NA,NA,53.8838118,34.28969842,29.06287364,NA,NA,NA,NA,NA,NA,68.62337913,NA,0.014014823,0.00788661,0.00623843,NA,NA,-0.007711625,0.007525076,0.009950777,NA,NA,NA,NA,NA,NA,0.007541177,NA,NA,NA,NA,NA,NA,NA,0.00758593,NA,
4,subsub,sub,sub,no,replacement,NA,NA,NA,NA,NA,NA,NA,NA,NA,NA,NA,NA,NA,NA,NA,NA,NA,NA,NA,NA,NA,NA,NA,NA,4.1,2.4,3.1,4.2,3.3,2,3.9,2.7,3.4,4.2,2.1,2.5,4.5,2.5,1.6,3.4,1.4,3.7,3.8,2.9,2.5,3.4,1.7,1.7,4.3,4.3,3.1,5.2,4.7,3.9,5,4,3.7,NA,NA,NA,6.7,5.1,4.1,4,2.2,2.5,NA,NA,NA,4.5,4,2.6,NA,NA,NA,NA,NA,NA,NA,NA,24.3522518,23.16492613,28.49404902,17.44997639,14.85286102,17.3639753,21.75709992,7.717322354,46.23403368,75.51446261,58.20782138,NA,111.3474684,17.34944543,NA,38.488437,NA,NA,NA,NA,NA,NA,NA,NA,0.006105637,0.011254142,0.00680309,NA,0.019185363,-7.97269E-06,NA,0.015303718,NA,NA,NA,NA,NA,NA,NA,NA,
5,intsub,int,sub,no,replacement,NA,NA,NA,NA,NA,NA,NA,NA,NA,NA,NA,NA,NA,NA,NA,NA,NA,NA,NA,NA,NA,NA,NA,NA,4.7,2,1.4,4,3.9,2.8,4,4.7,1.8,4.1,3.7,2.8,4.7,3,2.1,3.7,3,2.7,3.8,4.6,2.9,5.2,3.7,2.7,8.4,5.5,5.5,NA,NA,NA,NA,NA,NA,7.8,4.9,4.8,4.9,3.4,3.2,4.5,2.3,2.8,3.8,2.4,3.6,7.2,4.3,4,NA,NA,NA,NA,NA,NA,NA,NA,10.66806325,35.25652355,33.1830724,34.01264921,24.00314232,23.60376735,41.96971436,41.8208814,199.5696733,NA,NA,144.1013207,41.9096314,22.98173201,26.86061719,97.39094306,NA,NA,NA,NA,NA,NA,NA,NA,0.02789437,NA,NA,0.013750325,0.005307913,-0.000254349,-0.004250353,0.008050833,NA,NA,NA,NA,NA,NA,NA,NA,
6,subsub,sub,sub,no,replacement,NA,NA,NA,NA,NA,NA,NA,NA,NA,NA,NA,NA,NA,NA,NA,NA,NA,NA,NA,NA,NA,NA,NA,NA,3.4,2.6,2.2,4.6,3.5,2.7,4.2,2.5,2.4,3.5,2.2,2.4,3.6,3,2.2,3.4,1.9,1.6,4.4,3.3,2.2,3.5,2.9,1.7,5.7,4.6,4.7,5.7,5,4.3,5.7,4.9,3.8,5,4.6,4.1,4.1,3.8,3.3,5.2,3.8,3.3,3.4,3.1,2,5.9,4.2,3.9,NA,NA,NA,NA,NA,NA,NA,NA,15.38123763,34.71931121,19.8002804,14.541647,19.1134497,8.177958376,26.13412389,14.541647,96.79894919,96.79894919,84.71167146,74.30848373,40.58171945,51.46949784,17.3639753,76.00671091,NA,NA,NA,NA,NA,NA,NA,NA,0.017518931,0.009765144,0.013843403,0.015535318,0.007170719,0.017519494,-0.003893754,0.015750523,NA,NA,NA,NA,NA,NA,NA,NA,
7,subsub,sub,sub,no,replacement,NA,NA,NA,NA,NA,NA,NA,NA,NA,NA,NA,NA,NA,NA,NA,NA,NA,NA,NA,NA,NA,NA,NA,NA,3.7,3.4,2.5,2.1,2.1,1.6,4.4,3.6,2.4,4.2,2.1,2.3,3.4,1.9,1.4,4.4,3.8,2.3,2.6,1.2,1,3.7,2.7,2,5.7,4.3,4.2,5.4,4.9,3.8,3.6,3.5,2.1,6.3,5.5,4.3,5.7,4.4,3.8,NA,NA,NA,5.5,4.3,3.9,4.2,2.5,2.3,NA,NA,NA,NA,NA,NA,NA,NA,25.28923181,5.64485295,31.10176727,15.96557387,7.270038099,32.14713223,2.470862622,16.04823702,80.86164966,80.25316243,22.16707776,118.8016824,75.25449582,NA,72.6139872,19.00035237,NA,NA,NA,NA,NA,NA,NA,NA,0.011070105,0.0252804,-0.003225299,0.019114484,0.02225823,NA,0.032196097,0.001608176,NA,NA,NA,NA,NA,NA,NA,NA,
8,intsub,int,sub,no,replacement,NA,NA,NA,NA,NA,NA,NA,NA,NA,NA,NA,NA,NA,NA,NA,NA,NA,NA,NA,NA,NA,NA,NA,NA,5.3,2.3,2.5,4.5,3.1,2.7,4.7,3,2.5,5.8,2.7,2.7,5.3,4.2,3.1,4.1,2.1,2.2,5,2.6,2,4.9,3.2,3.1,6.6,6.1,5.6,NA,NA,NA,1.8,0.9,1,NA,NA,NA,1.7,2.1,2.4,6.1,4.4,4.5,6.6,5.1,5.1,NA,NA,NA,NA,NA,NA,NA,NA,NA,NA,NA,23.97663513,29.72339349,27.91599597,33.20820514,55.45637527,14.88506234,20.77378142,38.18625505,177.3967051,NA,1.275879316,NA,6.759332944,94.8723675,134.8261611,NA,NA,NA,NA,NA,NA,NA,NA,NA,0.019060083,NA,-0.029386326,NA,-0.0200445,0.017639755,0.017812329,NA,NA,NA,NA,NA,NA,NA,NA,NA,
9,subsub,sub,sub,no,replacement,NA,NA,NA,NA,NA,NA,NA,NA,NA,NA,NA,NA,NA,NA,NA,NA,NA,NA,NA,NA,NA,NA,NA,NA,2.7,2.8,2.5,3.6,2.3,1.9,4.7,3.3,2.4,3.3,2.9,1.8,3.6,2.2,1.6,2.7,3,2.1,3.1,2.9,1.4,2.3,2.2,1.2,4.1,3,3.7,6.1,5.7,5,5.2,3.7,4,4.9,3,3.7,3.2,2.8,2.9,4.9,4,3.9,4.4,3.9,3.2,4.1,3.9,2.5,NA,NA,NA,NA,NA,NA,NA,NA,14.89173823,12.46898124,29.98316394,14.31329248,10.20703453,13.78903921,11.25455933,5.220541592,36.13793664,137.1283595,60.53613424,43.18924135,20.41406906,60.04545674,43.55111356,32.97415649,NA,NA,NA,NA,NA,NA,NA,NA,0.008443206,0.022834984,0.006691471,0.010518122,0.006601402,0.014011694,0.012887257,0.017553552,NA,NA,NA,NA,NA,NA,NA,NA,
10,intsub,int,sub,no,replacement,NA,NA,NA,NA,NA,NA,NA,NA,NA,NA,NA,NA,NA,NA,NA,NA,NA,NA,NA,NA,NA,NA,NA,NA,3,1.3,1.1,2.6,2.7,2.3,3.5,3,2,4.9,3.8,4.1,3.5,3.4,2.7,3.5,2.6,1.8,3.7,1.8,2.7,3.7,2.2,1.7,6.1,5.1,4.3,3.1,2.1,2.3,NA,NA,NA,6,4.3,4.7,NA,NA,NA,7.1,5.6,5.4,7,5.4,4.8,5.9,4.7,3.2,NA,NA,NA,NA,NA,NA,NA,NA,3.392920066,12.76272016,17.18058482,60.04545674,25.57158245,13.30464489,14.71148935,11.04996311,105.8316171,11.78411404,NA,95.42587685,NA,168.6838905,142.9974436,72.29963158,NA,NA,NA,NA,NA,NA,NA,NA,0.032763413,-0.000759772,NA,0.004411885,NA,0.02418965,0.021659028,0.017889447,NA,NA,NA,NA,NA,NA,NA,NA,
11,subsub,sub,sub,no,replacement,NA,NA,NA,NA,NA,NA,NA,NA,NA,NA,NA,NA,NA,NA,NA,NA,NA,NA,NA,NA,NA,NA,NA,NA,5.6,3,2.8,4.3,3.1,1.7,3,1.8,2,3.5,2.4,1.9,3.6,1.7,1.5,3.4,2.1,1.2,2.2,2,1.1,2.8,1.9,1.5,7.4,6.1,6.3,NA,NA,NA,5.9,5.3,3.8,5.7,5.2,4.3,6.2,3.6,3.8,4.9,4,4.3,NA,NA,NA,4.9,3.9,3.6,NA,NA,NA,NA,NA,NA,NA,NA,36.9891119,19.45274171,8.50586211,12.70676054,7.238229474,7.270038099,4.151221993,6.355441938,223.41122,NA,95.93226232,101.0071126,66.66302531,66.27994736,NA,54.1188422,NA,NA,NA,NA,NA,NA,NA,NA,0.017127529,NA,0.023075112,0.019743398,0.021145465,0.021048818,NA,0.020398771,NA,NA,NA,NA,NA,NA,NA,NA,
12,intsub,int,sub,no,replacement,NA,NA,NA,NA,NA,NA,NA,NA,NA,NA,NA,NA,NA,NA,NA,NA,NA,NA,NA,NA,NA,NA,NA,NA,2.8,2.9,2,3.3,3.7,2.3,2.9,1.7,2.1,2.6,1.9,1.2,3.8,1.5,2,3.6,2.2,2,3.9,3.1,1.9,3.2,2.1,1.9,6,4.6,4.3,5.7,4.8,4.4,4.6,3.6,3.2,3.9,3,2.3,3.7,3.2,2.6,2,1.7,1.9,3.5,3.1,2.1,3.1,3.3,2,NA,NA,NA,NA,NA,NA,NA,NA,13.20018693,23.32632545,8.222333373,4.905989628,9.140071127,12.46898124,19.14408023,10.05309649,93.31708278,94.72844328,41.76433274,21.51028855,24.43923465,5.089380099,18.58252055,17.09792167,NA,NA,NA,NA,NA,NA,NA,NA,0.018626402,0.013346969,0.015477987,0.0140769,0.009366873,-0.008534172,-0.000283544,0.005057869,NA,NA,NA,NA,NA,NA,NA,NA,
13,subsub,sub,sub,yes,original,4.8,2.4,2.2,6.3,2.6,2.4,3.9,3.4,3.5,4.1,4,4.4,4,3.7,3.7,3.3,2.6,2.1,4.2,2.2,1.6,4.4,4.3,3.2,5.1,3.1,2.5,7.1,3.8,2.5,5,4,3.5,5.3,4.1,3.7,4.4,3.2,3.3,4.3,3.6,2.6,5.1,2.5,2.3,5.5,5,4,8.1,4.3,3.8,7.2,4.7,4,3.1,2.5,2.3,4.4,3.6,3.3,NA,NA,NA,4.5,3.8,3.5,5.7,4.2,4.7,6.9,4.6,3.6,19.94283016,30.92505268,36.4579864,56.80313677,43.00840343,14.31329248,11.90820695,48.59651136,31.40336017,55.33110426,55.22330836,63.31330215,36.50137964,32.45500831,23.07185645,87.47372045,104.3481963,107.0042166,14.02406961,41.13208722,NA,47.08560164,88.65122864,91.09754757,0.007965705,0.010206467,0.007284642,0.001903577,-0.002877991,0.014362564,0.011603258,0.010312047,0.013052374,0.007168837,-0.014897935,-0.004688119,NA,0.004044701,0.014631482,0.000441223,0.011257576,0.008444229,-0.006499221,-0.002195939,NA,0.008100535,0.013656341,0.004274688,
14,intsub,int,sub,yes,original,3.1,3.7,3.2,4,3.8,2.1,4.8,4.6,2,3.5,3.1,3.5,3.9,4.1,2.6,4.4,2.4,1.9,4.9,4.5,4.4,4.4,3.4,2.2,4.4,4.9,4.3,4.5,3.8,2.9,5.1,5.8,3,4.2,4.6,3.6,5,4.7,3.6,4.7,2.4,2.3,5.9,5.7,4.9,5.6,2.7,2,6.8,4.9,5.3,7,6.6,5.6,5.3,5.3,3.2,7,7.3,5.1,NA,NA,NA,5.7,6.1,4.7,5.1,3.5,2.9,7.1,7,6.7,28.97942508,27.33971007,41.0543328,29.935451,34.37511047,15.97421325,76.20895094,27.09309504,73.1237106,39.663589,77.54707306,55.45068113,67.63259935,20.38559838,130.164823,24.2892236,138.9118024,204.5726596,75.18714793,211.3349378,NA,130.5425995,41.01663369,261.6552018,0.01623801,0.006527954,0.011157698,0.010814922,0.011872936,0.004278122,0.009391624,-0.001916599,0.006974854,0.017831409,-0.000335922,0.014542938,NA,0.02018338,-0.012552433,0.0258369,0.010661586,0.013691041,0.004116217,0.013295244,NA,0.014290638,-0.004214294,0.015426862,
15,subsub,sub,sub,yes,original,4.5,3.5,3.7,4.9,3.8,3.7,4.8,4.5,3.6,4.7,3.9,3.8,4.1,4.5,2.9,3,2.8,1.7,4.5,4.2,2.9,3.7,2.5,1.6,5.1,5.4,4.2,6,4.1,5.1,5.9,5.9,3.6,5.5,4.5,4.3,4.9,4.9,3.9,3.5,3.3,2.5,5.2,4.7,3,5.1,3.3,2.6,5.8,4.7,4.3,8,6.4,4.6,6.8,6.6,6,7.7,6.8,5.1,4.3,4.5,3.5,NA,NA,NA,NA,NA,NA,7.9,7.1,5,45.80442089,54.1188422,61.8359682,54.7153521,44.08361351,11.92823461,44.54091159,12.21235239,92.28742579,99.71415082,104.5512218,83.62919644,74.50601137,23.11819494,60.53613424,34.85813034,92.24501429,190.0663555,211.9726811,214.0989503,54.03539364,NA,NA,227.1055366,0.012289952,0.010721495,0.009213893,0.007442954,0.009206871,0.011608978,0.005383023,0.018400675,-4.99635E-06,0.007011583,0.007682394,0.010217887,-0.003491745,NA,NA,0.020370961,0.004762365,0.008545516,0.008380763,0.009280911,0.001384702,NA,NA,0.019884129,
16,subsub,sub,sub,yes,original,3,3.9,2.1,6.2,2.7,2.5,4,3,2.5,5.5,3.2,2.9,4.2,1.9,3.1,4.5,2.1,2.2,3.7,4.4,3.6,3.5,3.2,3,3.4,4.1,2.5,NA,NA,NA,5.4,4.2,3.4,5.3,2.7,2.5,NA,NA,NA,5.3,3,2.5,5.5,5.2,3.8,5.1,4,3.3,NA,NA,NA,4.8,3.4,2.5,NA,NA,NA,5.6,4.6,4,NA,NA,NA,NA,NA,NA,7.6,6.3,5.4,7.1,5.3,5.1,21.20575041,32.91760782,23.75829444,40.18391528,20.61670179,16.33726355,46.49557127,26.41686723,29.0801524,NA,61.24220719,28.1392454,NA,31.47974014,87.47372045,53.36368186,NA,32.80765208,NA,81.32326743,NA,NA,204.2749937,150.783881,0.005540061,NA,0.016612367,-0.006250905,NA,0.01150694,0.011087392,0.012335573,NA,NA,NA,0.01153551,NA,NA,0.00921879,0.011290404,NA,-2.27614E-05,NA,0.004795683,NA,NA,0.010068776,0.011849285,
17,intsub,int,sub,yes,original,4.8,4.3,2.9,4.5,3.9,2.6,3.9,3.7,3.4,4.1,2.9,2.4,3.3,2.9,3.1,4.2,4.1,3.2,3.6,3.2,2.5,3.6,2.6,2.2,5.3,4.6,4,5.8,5.4,3.5,5.6,4.6,4,4.8,3.9,3,3.6,3.5,4.1,5.9,5.6,4,4.7,4.4,3.2,4.2,3.7,3,8.3,7.5,5.1,8,7.2,6.2,NA,NA,NA,7.7,7,5.3,9.1,9,5.5,6.5,6.2,5,NA,NA,NA,8.2,6.8,5.6,48.85804895,37.33095645,38.60212338,22.61338027,23.32632545,43.94656153,22.9658277,16.28601632,76.96666382,90.20651336,81.32326743,44.87136787,40.82813813,106.7638847,53.30340255,37.01934973,258.7313608,282.0521884,NA,228.7340597,375.6706678,160.0955616,NA,247.5637843,0.007972864,0.015478574,0.013072366,0.012022072,0.009820858,0.015572725,0.014771804,0.014405858,0.013178456,0.012391201,NA,0.017703914,0.024123276,0.004403817,NA,0.020654647,0.01133926,0.013756933,NA,0.015741621,0.018905648,0.008794534,NA,0.018512663,
18,subsub,sub,sub,no,original,3.1,3.8,1.7,4.6,2.6,2.7,4.9,3.1,2.4,3.9,2.7,2.8,4,1.8,1.6,4.8,2.3,2.5,4.6,3.5,2.1,2.9,2.4,2.3,4.6,3.4,2.9,5.4,4.7,3.7,5.7,4.3,3.3,4.6,3.8,3.4,4.1,2.1,1.7,4.9,3.1,2.8,4.5,3.8,2.7,3.7,3.7,2.9,10.1,6.8,6.4,7.7,5.9,4.8,7.1,6.2,4.5,8,6.3,5.1,2.2,2.5,2,2.9,2.4,2.5,7.1,4.9,4.5,4.8,3.5,2.4,18.41267819,25.37110957,29.10391069,23.16433708,9.079202769,21.71468842,28.32459936,12.57834794,35.84832107,74.81388745,64.64455203,46.82229691,11.62467822,33.49114483,37.33095645,31.6460482,345.5406344,173.0964538,159.6084184,204.1406906,8.747372045,13.67162218,123.1810625,32.80765208,0.011688724,0.018971797,0.014000549,0.012346414,0.004335858,0.007601617,0.004843724,0.016186603,0.024628408,0.009117885,0.009824126,0.01600489,-0.003091054,-0.009738682,0.012976439,0.000391832,0.01994606,0.013062843,0.011577217,0.014804051,-0.000253286,-0.003147392,0.009999488,0.006521666,
19,intsub,int,sub,yes,original,3,2.6,2.6,3.5,3.2,3.7,3.5,2.2,1.3,3.7,1.7,1.8,3.4,3.1,2.2,3.5,2.6,1.6,3.4,1.8,1.9,3.9,2.9,2,3.6,3.3,3.5,4.4,4.2,3.4,4.4,2.7,2,4.6,2.8,3,4.3,4.2,2.9,3.2,1.5,1,4.6,2.5,2,4.1,2.8,2.1,6.2,6.2,5.7,5.5,4.5,5.3,5.7,4.1,4.5,6.2,4.5,3.7,2.9,2.8,2.3,5.9,4.3,4.2,NA,NA,NA,7.3,5.3,4.4,15.92787475,32.71870574,8.418486564,8.899542939,18.75255925,12.12262065,9.139285728,18.38597466,32.68512997,49.90105771,19.08438997,30.38391335,42.56131552,3.926990817,18.28995973,19.32884515,172.3913626,103.7157545,82.77546863,81.85576739,14.81044952,83.69890053,NA,134.8640566,0.012611395,0.00740518,0.014358608,0.02154234,0.01437922,-0.019775434,0.012171404,0.000877376,0.018074424,0.007952302,0.015948489,0.010772233,-0.011474052,0.03325383,NA,0.021115965,0.016202017,0.007848347,0.015548991,0.015094958,-0.001605424,0.013143896,NA,0.013555641,
20,subsub,sub,sub,no,original,3.5,1.7,1.6,4.9,5.3,3.2,4.7,3.4,2.9,5,2.8,2.6,5.2,3.1,3.8,3.7,2.7,2.5,4.2,3.7,2.1,3.9,3.8,2.9,4.6,2.6,2.5,6.1,4.6,3.7,5.5,3.4,3.4,5.4,3.6,3.6,5.8,5.1,3.8,4.3,2.9,3.2,5.4,4.1,3.1,5.5,4.4,3.1,9.3,7,6.6,8.1,6,4.9,9.4,7.4,6.8,7.9,7.2,6.2,NA,NA,NA,8.8,7.8,6.7,7.4,6.4,5.8,7.4,5.5,3.9,7.483862749,69.5126462,36.6276324,28.62776306,48.61064853,19.64437886,27.74183393,34.37511047,23.49243716,82.5117712,49.93561523,54.96530507,90.20651336,31.41651558,54.96530507,60.7456392,337.746343,188.9591405,372.1640613,278.5265361,NA,363.2859205,216.2625259,128.3858962,0.020068938,0.003007584,0.005437395,0.011444302,0.01084665,0.008237588,0.011995801,0.009988816,0.028974094,0.009006411,0.021832612,0.017639252,NA,0.026607135,0.014889032,0.008134187,0.025915279,0.006802871,0.015772325,0.015477118,NA,0.019846251,0.013969738,0.008963998,
21,intsub,int,sub,no,original,4,3.8,3.1,3.5,2.7,2.6,6.4,4,1.8,4.6,4.1,2.3,4.9,3.7,3.2,4.9,3.5,2.4,4.6,3.3,2.9,3.8,1.6,1.5,5.3,5.2,4.4,4.4,4,3.4,NA,NA,NA,5.4,5,3.5,6.1,4.4,4.2,5.4,3.6,3.1,4.7,3.1,2.5,4.9,2.6,2.8,7.5,5.9,5.9,7.8,7.1,6.2,7.7,6.8,5.5,NA,NA,NA,NA,NA,NA,NA,NA,NA,7.4,5.6,5.7,NA,NA,NA,37.39280656,19.30410511,42.27327075,36.99539509,45.80618804,33.49114483,34.71931121,7.170292533,95.90654053,47.30924377,NA,76.60577336,88.58427345,47.5963068,28.94035152,28.05520779,205.0478255,270.9117082,228.7340597,NA,NA,NA,185.5318592,NA,0.016524488,0.015726104,NA,0.012769807,0.011570792,0.006166212,-0.003194021,0.023933821,0.008259446,0.01896834,NA,NA,NA,NA,0.020195541,NA,0.011576632,0.017969219,0.011485748,NA,NA,NA,0.011400888,NA,
22,intsub,int,sub,no,original,4.6,3.5,2.5,4.4,3.7,3.3,4.4,3.8,3.7,4.6,3,2,4.1,2.3,2.2,NA,NA,NA,4.2,2.1,2.1,NA,NA,NA,5.3,3.6,2.7,5.3,4,4.7,5.3,4.1,4.5,4.7,3.5,2.1,4.6,2.6,2.4,NA,NA,NA,4.6,3.6,2.4,NA,NA,NA,8.2,7.2,6.4,NA,NA,NA,NA,NA,NA,6,5.3,5.5,NA,NA,NA,NA,NA,NA,1.8,1.3,1.2,NA,NA,NA,32.51548396,42.33296101,48.59651136,22.5801972,16.30192063,NA,14.54714478,NA,41.30350036,78.76699276,76.96666382,28.94035152,22.5801972,NA,32.51548396,NA,297.7978508,NA,NA,137.4132627,NA,NA,2.208932335,NA,0.004197032,0.010893474,0.008067029,0.004353747,0.00571562,NA,0.014110906,NA,0.021472474,NA,NA,0.016932131,NA,NA,-0.029230512,NA,0.015065976,NA,NA,0.012285167,NA,NA,-0.01282235,NA,
23,subsub,sub,sub,no,original,6.1,3.9,3.1,4.4,2.8,2,3.4,2.7,2.1,4.6,4.2,3.5,3.2,2.7,2.5,3.6,3.2,2.9,3.8,2.3,2.7,3.8,3.2,2.5,NA,NA,NA,5.4,3.1,2.8,4.3,3.7,3.2,5.5,6.4,4.9,3.4,3.1,2.6,4.3,5.5,3.8,4.9,3.5,3.2,4.3,3.8,2.2,7,3.5,3.4,NA,NA,NA,8.9,6.7,5.7,6.7,6.1,5.2,7.5,6,5.9,NA,NA,NA,5.9,6.1,5.1,6.3,5.7,4.8,58.68887776,19.90513105,15.38123763,53.55119567,16.98973307,26.30219909,18.65320638,24.24170701,NA,36.90860859,40.19726705,137.8953008,21.68994838,73.02376869,43.18924135,30.39490892,65.43741148,NA,268.6972781,167.9815482,208.5379386,NA,145.3175098,136.3794823,NA,0.010832759,0.016853519,0.016593975,0.004284907,0.017914604,0.014729357,0.003968431,NA,NA,0.020649852,0.002145211,0.024600783,NA,0.013188366,0.016317024,0.000740435,NA,0.019458755,0.00777698,0.017057903,NA,0.013965327,0.011750794,
24,intsub,int,sub,no,original,3.7,3,2.6,4.2,4,2.3,4,3,4,3.8,4,3.6,4.3,2.7,2.6,3.6,4.8,2.5,4,3.5,2.5,4.7,3.8,2.7,4.3,4.1,3.4,5.4,5.1,4,3.8,4.5,3.8,4.5,4,4,5.1,4.5,3.8,4.3,5.8,4.1,4.3,4.1,3.2,4.9,4,3.1,NA,NA,NA,6.8,5.2,5.2,NA,NA,NA,NA,NA,NA,NA,NA,NA,6.4,5.8,5.4,6.6,5.9,4.6,NA,NA,NA,22.78282992,32.73107576,38.48451001,43.09636802,23.71647199,37.66848131,28.27433388,38.99011007,47.49204519,87.80240958,51.4007755,56.54866776,68.98525133,82.75013954,44.99290824,48.50010374,NA,144.4127311,NA,NA,NA,157.632553,142.8737434,NA,0.012886931,0.017311649,0.005077148,0.004766016,0.018731981,0.013807053,0.008150007,0.003829086,NA,0.005408548,NA,NA,NA,0.007004794,0.012559309,NA,NA,0.010097622,NA,NA,NA,0.009737708,0.011020455,NA,
25,intsub,int,sub,yes,original,5.4,3.6,2.5,3.7,1.6,1.7,4.9,1.8,0.9,4.9,2.5,2.7,3.3,2.6,1.8,3.2,2.8,3.5,3.6,3.2,2.4,4.2,2.3,1.1,4.8,3.9,3.6,5.1,3.3,3,4.3,2.5,1.6,5.3,3.5,2.9,4,3.8,2.5,3.9,4.6,4.2,5,4.1,4,4.6,2.5,1.8,6.2,5.5,5.4,7.4,5.5,4.3,7,5.8,4,6.5,4.5,3.5,6.5,5.6,4.7,NA,NA,NA,6.9,3.7,3.4,NA,NA,NA,39.45329864,7.911512049,7.013801949,26.01552876,12.54437947,24.93796248,22.16707776,9.533162907,53.01437603,39.74487771,14.19273386,42.62512912,31.17245311,59.30070293,64.41246688,16.70031385,144.6353915,139.5448333,132.0018693,81.68140899,135.3996981,NA,68.29606444,NA,0.005183254,0.028318632,0.012365793,0.008662287,0.01596951,0.015197016,0.018714017,0.009835982,0.010909271,0.013651141,0.024240065,0.007069375,0.015964091,NA,0.000636358,NA,0.008837404,0.019524265,0.019965552,0.007783216,0.016183391,NA,0.007654721,NA,
26,subsub,sub,sub,yes,original,3.9,3.6,2.8,4.5,2.9,2.8,4.5,3.4,2.4,4,1.7,1.2,3.8,2.3,3.7,4,2.6,2.7,4.2,2.7,2.8,4.9,2,2.4,4.2,3.6,3,5.5,3.7,3.5,5.7,4.7,3,4.9,2,1.6,1.8,0.6,0.7,NA,NA,NA,4.5,3.4,2.9,5.7,3.4,3,4.9,2.4,1.9,4.9,4.1,4,NA,NA,NA,6.6,5.7,4.8,NA,NA,NA,NA,NA,NA,6.7,4.5,4.3,4.6,3.6,3,31.36566105,28.70728462,29.72339349,6.605198554,26.86061719,22.06183441,24.94620916,18.62650284,35.9225412,55.98318109,66.35691638,12.46898124,0.597295303,NA,35.06900974,45.84212,17.78946475,63.12421754,NA,142.8737434,NA,NA,101.8755666,39.3437356,0.002379847,0.011717551,0.014089712,0.011147141,-0.066772014,NA,0.005975368,0.015800313,-0.00763868,0.001304926,NA,0.026507796,NA,NA,0.011591677,-0.001661593,-0.003857873,0.005360228,NA,0.020912274,NA,NA,0.009571634,0.005086744,
27,subsub,sub,sub,yes,original,5.3,3.6,2.8,3.6,2.1,2.1,4.2,3.2,2.3,4.1,2.8,2.3,3.4,3,2,3.9,3.7,2.9,3.7,2.3,2.7,4.2,2.7,2.1,5.6,4.2,3.6,4.2,2.5,2.7,5.2,3.5,3.3,5.4,4.1,3.2,4.1,4,2.6,4.2,4.2,3.3,4.3,3.5,3.5,4.7,2.8,2.6,4,2.9,3.6,6.8,5.3,5.6,7,5.3,4.8,6.7,5.1,4.6,4,3,3.1,5.6,4.6,3.7,5.6,4.5,3.9,5.6,4.7,4.1,42.62512912,12.46898124,24.94620916,20.93891139,16.68971097,33.3566454,18.16233253,19.00035237,66.89707397,22.29902466,47.2118544,56.50272197,35.0672426,46.38757903,41.37084826,26.91009727,33.1830724,158.6323648,140.2073166,123.7793396,29.22466566,75.74851127,77.58477217,85.14972728,0.007907215,0.010198226,0.011191634,0.017415432,0.013025877,0.005785521,0.014442573,0.006106036,-0.007620819,0.021326591,0.011831273,0.00852404,-0.001981026,0.005330294,0.006834725,0.012520757,-0.001703429,0.017301669,0.01174422,0.012087696,0.003811025,0.005579332,0.009877696,0.010203767,
28,subsub,sub,sub,yes,original,3.1,3.6,2.8,4.8,4.2,4.4,3.7,4.1,3.9,4.2,2.2,1.6,4.6,2.3,1.9,4.5,3.1,2.9,4.9,5,2.8,3.6,1.8,1.4,4.6,5.1,3.6,5,4.7,4.7,4.4,5.1,3.3,4.5,2.6,2,4.6,2.8,1.7,5.3,4,2.8,4.8,5.6,2.5,4.3,2.4,2,6.6,5.5,4.1,5.7,4.6,4.2,2.5,1.5,1,5.1,4.3,3.2,6.4,4.6,3.2,4.5,2.9,3.1,NA,NA,NA,6.5,3.9,3.7,24.9316793,69.7056578,46.49557127,11.90820695,15.93258714,31.80862562,58.53493972,7.238229474,68.36380504,86.74722715,60.95946385,18.69640328,18.28995973,48.11977468,61.8359682,16.34570658,119.4307863,86.67025813,3.067961576,56.32777453,76.45379882,31.80862562,NA,73.71747162,0.017696566,0.00383714,0.00475179,0.007914094,0.002420803,0.007262381,0.00096248,0.014291029,0.00606406,-9.64862E-06,-0.032491258,0.011987571,0.015547113,-0.004499519,NA,0.01637255,0.010657128,0.001481832,-0.018492134,0.010571156,0.010668844,0,NA,0.015788185,
29,intsub,int,sub,yes,original,3.5,3.6,1.6,4.3,3.3,1.8,3.9,3,2,4.3,2.7,1.2,4.1,3.5,2.3,4,4.6,3.6,4,3,2.3,4.5,5.1,4.2,4,5.5,2.9,4.6,4.9,3.5,4.4,5,3.7,5.2,3.5,1.8,5.1,4.5,3.3,6,5.5,4.3,5.2,3.9,3.2,5.3,6.4,4,5.8,4.7,4,8.5,6.9,5,NA,NA,NA,7.2,6.9,5.5,9.1,8.1,7.2,NA,NA,NA,7.3,7.1,6,5.9,5.4,3.5,18.58252055,21.9603217,19.14408023,12.84184902,27.08131407,52.81017251,22.06183441,76.42022305,55.41769441,63.73034857,65.39146569,28.68038473,60.92412093,113.1444594,51.46949784,112.5569816,86.19784113,236.3429971,NA,217.3730789,418.2675226,NA,245.9774763,91.76179807,0.019169782,0.018691642,0.021550846,0.014096564,0.014224302,0.013367747,0.014862109,0.006793197,0.004801589,0.014245905,NA,0.022015236,0.020940131,NA,0.017002724,-0.002220256,0.010438257,0.016163584,NA,0.019244257,0.018620934,NA,0.016404019,0.001244549,
30,intsub,int,sub,yes,original,4,3.6,2.5,5.4,2.7,2.3,3,2.4,2,3.4,3,1.9,4.8,2.8,2.8,4.6,3,2.4,3.8,3.2,2.2,3.7,4.6,2.3,5.2,5.2,3.2,5.9,3,3.8,3.7,2.8,2.9,4.2,3.7,2.4,4.3,2.8,2.5,4.3,3.4,2.6,4.6,3.8,2.9,3.6,4.4,2.8,7.1,5.7,4.7,7.2,6.1,4.9,6.6,5.9,4.1,NA,NA,NA,5.9,4.4,4,2.7,2.8,2.8,6.2,4.4,3.5,5.5,4.6,2.8,29.22466566,26.50718801,11.40398133,16.02879842,29.55610368,26.33754201,21.75709992,34.58834607,72.04300273,53.56729634,23.60376735,30.68589894,23.71647199,30.39490892,40.54500209,36.64353671,150.783881,171.05972,129.590697,NA,81.74109925,16.62530832,75.97588404,59.13655471,0.01582895,0.012342505,0.012762172,0.011393267,-0.003861762,0.00251368,0.010920568,0.001012636,0.008028091,0.01262037,0.018510594,NA,0.01344986,-0.006558141,0.006826125,0.005202306,0.011162139,0.012684332,0.016533459,NA,0.006920181,-0.003129723,0.008506638,0.00364852,
31,intint,int,int,yes,original,3.7,3.6,3,4,5.4,3.4,3.8,5.2,2,4.5,5.3,2.7,4.9,4.6,3,4.5,3.6,1.9,3.3,3.5,1.4,3.5,3.1,2.6,5.1,4.4,4.1,4.9,6.2,3.8,4.2,5.4,2.9,5.7,7,3.5,5.5,5.4,4.6,5.5,4.6,3.5,3.8,2.9,2,3.9,4,2.8,7.7,5,5.5,5.8,5.1,5.6,9,6,5,3.2,2.5,2.3,5.8,5.6,4.7,6.3,5.9,5.2,4.9,4.3,3.8,4.9,3.3,2.8,31.6460482,60.82123377,38.67928875,56.54866776,55.57163245,26.72808125,15.55736317,22.32788804,72.34989706,96.21127502,56.81138345,123.3909602,107.9922475,70.85371356,17.91453941,35.4088908,166.686034,130.3843418,213.82465,14.47645895,120.8181922,152.4110296,63.12421754,35.80021543,0.014507031,0.008045747,0.006744429,0.013688705,0.011655905,0.017103555,0.002475063,0.008089938,0.0098188,0.003575765,0.015593171,-0.025209812,0.001320323,0.009011337,0.014817551,0.000129306,0.011867848,0.005446769,0.012213229,-0.009732699,0.005547243,0.012434759,0.010004075,0.003372267,
32,intint,int,int,yes,original,4,3.6,2.4,4.5,6,4.1,3.9,4.2,2.5,5.3,4.8,3.1,3.5,4.5,2.7,4.9,4.6,2.6,4.6,4.6,4.3,6.1,4.1,2.7,4.5,4.6,4,6,6.9,5.6,4.5,4.8,3,5.3,5.6,3.7,4.9,5.4,3.6,5.4,4.9,4,4.9,5.4,3,6.1,4.5,2.8,9.3,6.2,6.6,6.6,6.2,4.7,6.8,6.5,4.9,6.8,4.1,4.4,4.9,5.9,4.7,8.2,7.4,6.3,7.7,6,5.2,7.7,5.9,5.2,28.27433388,90.13327498,34.37511047,64.94712668,35.62566069,49.87592497,71.5430968,55.38313689,65.34905419,184.0776945,53.75657729,90.00604048,77.93113276,83.98537451,67.88667565,63.82714889,299.1801516,153.9667071,173.519587,96.46652942,108.1029886,302.1933316,189.6516653,186.2801473,0.014698044,0.012527518,0.007844443,0.005724619,0.01373262,0.00914218,-0.000920355,0.002489535,0.017897682,-0.00210143,0.01378617,0.000815521,0.003850104,0.015063815,0.012086462,0.01260086,0.016850653,0.003824621,0.011563984,0.002825876,0.007928701,0.012868061,0.006963493,0.008664118,
33,subint,sub,int,yes,original,5.7,3.6,1.9,3.5,5.4,2.9,4.3,4.3,3.1,5.4,2.6,2.3,5.7,4.5,4.4,4.4,3.6,2.6,3.9,3.4,2.7,4,2.3,1.9,5.9,4.2,2.5,3.7,3.6,2.6,4.4,4,2.9,5.5,3,2.8,3.9,4.8,3,4,3.2,2.4,3.9,4,3.1,NA,NA,NA,5.6,3.9,4.4,6.3,4.9,4,4.2,3.6,3.5,5.3,3.1,3.7,5.3,4.1,3.4,4.5,3.6,2.3,NA,NA,NA,5.8,5.2,3.9,33.85556958,47.34281954,46.23403368,25.45750337,88.65122864,33.20977594,28.49404902,13.8544236,52.00337224,27.9264025,41.13208722,36.32859205,46.58903365,24.6300864,38.60212338,NA,75.74851127,97.98293692,41.57151749,48.11977468,58.53670687,30.75717383,NA,94.30629177,0.007529913,-0.009260396,-0.002051362,0.006238501,-0.011286749,-0.005243431,0.005326527,NA,0.004424826,0.014767303,0.00012502,0.003306919,0.002685751,0.002613583,NA,NA,0.005752252,0.005195558,-0.000759292,0.004547733,-0.002964685,-0.000548007,NA,0.013699595,
34,subint,sub,int,yes,original,4,3.6,3.4,4.2,2.4,2,4.8,2.7,3.1,4.4,3.9,2.6,4,5.2,3.4,3.9,4.1,3.6,2.7,3.5,2.4,3.6,2.6,1.4,4.2,3.5,3.9,4.3,2.4,2.8,3.3,2.3,1.8,4.4,4.4,2.8,4.4,3.7,2.6,3.9,4.7,3,4,4.4,3.7,3.6,2.4,3,NA,NA,NA,4.4,4.6,4.7,3.4,3.4,3.5,NA,NA,NA,5.5,4.2,3.3,4.9,4,3.4,NA,NA,NA,3.7,4.1,2.3,38.48451001,15.96557387,31.70495306,36.50137964,58.08804816,45.40210068,18.4543043,11.30973355,45.1588236,22.82995381,10.89209808,44.78654487,34.28969842,45.40210068,51.5299735,20.6119894,NA,74.72199587,31.78388558,NA,60.7456392,52.6852942,NA,29.75716561,0.002805787,0.006274363,-0.01874448,0.003588732,-0.009247631,3.89552E-18,0.018015193,0.010529986,NA,0.013949424,0.01259908,NA,0.006727651,0.001750329,NA,0.004319965,NA,0.011023855,1.77607E-05,NA,0.000319538,0.0010627,NA,0.006910045,
35,intint,int,int,yes,original,6,3.6,2.8,4.7,5,3.9,5.6,6.3,3.2,6.2,3.7,2.3,4.3,3.5,2.4,5.3,4.7,2.3,5,3.2,1.9,4.7,3.6,3.3,6,4.3,2.9,5.5,5.9,3.9,5.6,6.6,3.5,5.3,3.3,1.9,5,3.9,3.1,6.1,5.6,2.6,5.7,3.7,2.9,5.4,5.2,4.4,7.4,5.8,6.1,7.8,5.7,3.7,NA,NA,NA,8.7,6.7,6,8.4,7.2,6.2,NA,NA,NA,7.1,6.6,5.6,6.3,4.5,4.3,48.25486316,73.09838151,99.23505795,43.82521752,29.39018832,50.99197576,25.53525779,43.93654771,61.07256119,103.7157545,112.1658533,28.1392454,48.10563751,80.53551307,48.7520202,97.7160979,205.7574327,135.3256743,NA,275.5221918,296.1547979,NA,207.4951262,95.79344319,0.004132738,0.006137681,0.002148899,-0.007772705,0.008644535,0.008018069,0.011345377,0.014023155,0.014289827,0.003129768,NA,0.026841211,0.021382152,NA,0.017039544,-0.000233789,0.010358581,0.004399129,NA,0.013131848,0.016501581,NA,0.014964626,0.005567484,
36,subint,sub,int,yes,original,4.5,3.6,3.9,3.3,2.7,2.9,4.7,3.4,2.2,3.6,4.2,2.9,4.2,2,1.4,3.6,2.7,2.6,3.4,3.9,2.4,4.1,4.3,3.3,4.6,4.7,3.9,4.1,2.5,2.3,4.5,3.7,3.2,4.6,4.7,3.2,4,1.4,1.5,3.9,3,2.2,3.9,4.4,2.9,4.2,4.8,3.6,NA,NA,NA,2.5,3,1.2,NA,NA,NA,2.8,1.9,1.4,NA,NA,NA,2.6,1.4,1.7,NA,NA,NA,3.6,3.3,3,49.70097753,20.31982128,28.94035152,35.63272928,9.533162907,19.85565097,26.49658514,46.49871287,66.80125539,18.54796303,42.06690738,56.36920428,6.605198554,20.70623718,40.80752142,58.18857913,NA,8.659014751,NA,5.9870902,NA,4.905989628,NA,28.05520779,0.005187671,-0.001600647,0.006561834,0.008046639,-0.006437185,0.0007359,0.007576325,0.003934464,NA,-0.008961871,NA,-0.026380206,NA,-0.016940919,NA,-0.008582527,NA,-0.006092828,NA,-0.012740422,NA,-0.009985942,NA,-0.003608931,
37,subint,sub,int,no,original,4.3,3.6,3.1,3.6,5.6,3.4,4.8,5.8,2.1,3.6,4.1,2.2,3.6,3.1,2.8,4,3.7,3.1,3.2,3.9,3.1,4.2,5.4,2.7,4.7,5.9,3,4.3,5.5,3.8,5.3,5.4,3.2,4.6,5.2,3.8,4.6,3,2.8,4.9,4.6,3.9,4.2,4.3,3.4,4.3,5.4,3.4,7.1,5.4,5.1,6.3,4.9,3.8,7.2,7.3,5.6,8.6,6.6,5.3,6.8,6.7,4.5,3.1,3.6,2.9,8.9,6.9,5.3,6.7,5.2,4.2,37.90076282,57.25552611,58.82003925,28.05520779,24.60573906,36.31681108,30.78760801,54.10647218,73.09838151,73.02376869,76.96666382,73.15983892,30.38391335,69.5126462,48.89456996,65.38282631,153.6975118,93.62868951,235.2565951,239.1235029,167.4845875,25.71688111,260.0995244,116.2412844,0.011523421,0.004267734,0.004717365,0.016815304,0.003700589,0.011389964,0.008114984,0.003321155,0.008743297,0.00292414,0.013144758,0.013933336,0.020082094,-0.011698365,0.019663506,0.006769511,0.010000109,0.003512948,0.009901387,0.015305756,0.013699369,-0.002465237,0.015242515,0.005462245,
38,subint,sub,int,yes,original,4.2,3.6,2.4,6.1,4.9,3.8,3.4,3.3,2.8,5.2,2.4,2.5,4.9,3.5,3,5.2,3.6,3.2,4.6,5.4,3.9,4,4.2,3.8,4.7,3.7,2.1,6,5.1,3.2,3.3,2.9,2.6,5.1,2.7,2.1,4.7,3.4,2.6,5.1,3.9,3.8,3.3,1.5,1.3,3.3,2.7,1.4,2.2,3.3,1.6,5.5,4.5,2.5,5.7,2.5,3.6,NA,NA,NA,7.4,5.1,4,NA,NA,NA,NA,NA,NA,NA,NA,NA,29.68805058,90.65635016,24.84096581,24.51463287,40.64926369,47.2118544,78.11845023,50.26548246,31.0444332,81.15911921,19.60059292,23.07185645,33.22234231,59.37197781,5.079955321,10.89209808,10.37157545,52.91620126,41.64514857,NA,120.3218205,NA,NA,NA,0.000859132,-0.00212816,-0.004556429,-0.001166474,-0.003879964,0.004407257,-0.052556227,-0.029409251,-0.012898242,-0.00503179,0.008866177,NA,0.015140557,NA,NA,NA,-0.00779019,-0.003987899,0.003827339,NA,0.008038439,NA,NA,NA,
39,intint,int,int,no,original,4.8,3.6,1.4,5,2.1,1.5,5.1,3,2.5,4.8,4.5,2.6,4.6,3.4,1.7,3.4,3.2,3.2,3.1,3.2,1.9,5.9,2.9,2.9,5,2.4,2.6,NA,NA,NA,5.5,3.8,3.2,4.9,4.6,3.4,5.1,4.8,3.4,4.9,4.2,3.5,3.8,4.4,3.1,6.5,3.9,2.7,NA,NA,NA,6.5,3.4,2.9,7,5.2,4.1,7.5,6,4.9,6.2,5.3,4.9,NA,NA,NA,8.3,6,5,6.1,5.5,5.1,23.5619449,12.72345025,30.29182541,47.5103057,23.49243716,27.34442246,15.83185983,38.97067147,24.54369261,NA,52.91620126,61.57521601,67.33296995,57.04366496,41.96971436,55.594409,NA,50.6552363,118.8759025,174.9621671,126.6548786,NA,197.1938439,134.5771899,0.000716175,NA,0.00978652,0.004549347,0.018473184,0.012900078,0.017103928,0.006232865,NA,NA,0.008993006,0.011603448,0.007020176,NA,0.017191544,0.009822837,NA,0.009528247,0.009428981,0.008990504,0.011619223,NA,0.017394227,0.008547094,
40,subint,sub,int,yes,original,3.6,3.6,2.8,4.2,4.8,4,4.2,3.8,2.5,4.4,2.3,1.6,3.3,4.4,2.6,4.1,3.2,2.2,3.8,3.9,3,4.9,3.6,4,4.4,3.6,3.5,4.5,4.6,3.5,4.9,4.1,3,5.4,2.7,2.4,4.1,2.9,2.8,4.3,3.3,2.3,4.3,4,2.4,4.5,4.3,3,4.2,4,3.3,NA,NA,NA,5.5,4.9,5.1,6.8,4.1,4.2,5.6,5.9,3.9,4.7,3.5,1.9,5.1,3.8,3.4,4.9,5.1,4.3,28.9529179,63.86229546,32.73107576,13.14049667,31.74972076,23.47476571,35.52316623,55.57163245,43.55111356,57.97122019,48.50010374,27.57807841,26.15552599,26.47734288,34.58265193,47.08560164,43.94656153,NA,107.9922475,91.98033511,105.6014955,26.91009727,51.91167701,85.0122826,0.007162531,-0.001697938,0.006898965,0.013005656,-0.003400411,0.002111637,-0.000470752,-0.002907116,0.000106343,NA,0.009417571,0.014171219,0.016418965,0.000190732,0.004778725,0.006950923,0.002980739,NA,0.008526675,0.013899114,0.008584204,0.00097554,0.002709705,0.003036592,
41,intint,int,int,yes,original,5,3.6,3.4,4.7,3.7,3.6,4.6,3.3,2.5,4.8,4.4,3.7,4.2,4.7,3.3,3.8,3.3,3.1,5.4,3,1.6,4.3,3.7,2.2,5.2,6.2,3.7,6.1,4.4,3.7,5,4,3.5,5.1,4.1,4.2,4.8,4.9,3.6,5,4.5,4.2,5.4,3.7,2.8,4.8,4.4,3.4,4.4,4.3,3.3,8.4,7.7,5.6,8.7,7.1,6.7,5.7,5.7,4.4,5.5,5.5,4.7,7,5.7,5.5,6.1,5.7,5.1,6.4,4.5,2.9,48.10563751,49.17829505,30.38391335,61.8359682,52.77875658,30.56141333,22.43568394,29.39018832,100.0699362,78.58320959,55.22330836,68.98525133,68.09402077,74.30848373,44.79714774,57.34034911,49.90105771,291.7510704,325.3174171,114.168815,112.3551343,172.4106048,139.7034837,68.81344548,0.01408596,0.009013571,0.011489843,0.002103991,0.004899628,0.017086287,0.013297918,0.012852763,-0.008186201,0.015432269,0.020863721,0.005926888,0.005891474,0.009901809,0.013380914,0.002145819,0.000271428,0.013188508,0.017562134,0.00454217,0.005596711,0.012815857,0.013547181,0.006301765,
42,intint,int,int,yes,original,4.8,3.6,3,5.3,4,2.4,4.1,2.7,2.1,3.4,5,4.8,4.4,3,2.2,3.9,4.5,2.4,5,2.9,2.2,4.4,4.5,4.2,4.8,4.6,NA,5.3,3.9,3,4.3,4,2.6,6,5.7,3.6,4.7,3.6,3,4.5,4.2,2.8,6.1,3.7,3.4,3.7,3,2.3,5.7,4.6,3.3,6,6,4.3,9,7.6,6,6.7,5.8,4.4,6.5,6.8,5.2,5.6,5,3.9,NA,NA,NA,NA,NA,NA,41.0543328,42.62512912,18.54796303,64.11519367,23.36088297,36.4579864,25.53525779,65.39146569,NA,49.54546869,36.7778398,101.8936307,40.1990342,43.29507376,60.37768016,20.40719683,69.84879661,124.9843367,326.8512997,136.8689817,183.7831702,87.09594393,NA,NA,NA,0.002639418,0.012009395,0.008127159,0.009522456,0.003015409,0.015097532,-0.020429897,NA,0.010885854,0.025701292,0.003471702,0.017881337,0.008223194,NA,NA,0.003795975,0.007683889,0.020493895,0.005416734,0.014733526,0.006220356,NA,NA,
43,subint,sub,int,no,original,4.3,3.6,2,4.4,3.1,2.4,4.6,2.2,1.5,5.3,3.4,3.3,3.3,3.8,2.6,5,3.7,2,5.5,3.5,2.3,4.6,3,1.8,4.7,3.3,2.1,4.4,2.4,2.2,5.1,2.9,2.3,5.6,4.4,4,5.5,5.2,4.1,7,5.3,4.2,5.8,4.7,4.4,4.3,3.3,2.4,3.8,3.2,3.2,NA,NA,NA,9.5,6.5,6.5,6.4,4.5,4,8.6,7.5,5.8,6.6,5.3,5.4,4.8,4.3,2.7,6.4,4.9,4.9,26.47734288,26.13412389,12.36491599,46.71489371,26.54017474,31.89698291,36.32859205,20.80990974,26.91009727,18.28092765,27.07738708,77.58477217,93.40249483,124.0438224,94.30629177,27.4314053,30.56141333,NA,315.2391878,90.79202769,298.6975244,148.368389,46.18141201,120.6874234,0.000284425,-0.006269887,0.013751506,0.008900143,0.02207471,0.023826728,0.016735839,0.004846653,0.00141374,NA,0.027273697,0.00174667,0.012916815,0.001989593,-0.007933006,0.016461282,0.000989302,NA,0.022334266,0.004582817,0.016694978,0.010601289,0.001654981,0.012122584,
44,subint,sub,int,no,original,4.6,3.6,2.8,4.8,4.2,2.6,5.3,2.8,1.8,4,3.8,4.3,4,5.1,4.2,5.1,4.2,3.6,4.7,2.5,2,4.9,5.5,4.3,5.5,5.2,3.7,NA,NA,NA,5.8,4.4,2.9,5,5.3,4.5,6,5.4,4.8,6,6.1,3.8,4.8,3.4,2.7,5.3,5.8,5.1,NA,NA,NA,8.1,6.4,5.2,6.8,6.7,6.2,7.8,5.8,4.8,6.7,5.9,6.1,7.6,6.1,6.2,6.6,6.4,7.8,4.8,4.3,3.7,36.99539509,43.58017329,22.02020831,51.5299735,67.92908715,60.92412093,18.68756755,92.40130853,85.54065922,NA,60.68810878,94.28704952,122.5692374,115.465311,35.06959879,123.6399314,NA,214.0084332,222.1867842,172.0823084,189.438037,225.7634875,261.3066814,60.31857895,0.014705234,NA,0.01778574,0.010599653,0.010354592,0.011216508,0.011043441,0.005109341,NA,NA,0.014419674,0.006684767,0.004837621,0.007450198,0.022315112,-0.007974816,NA,0.010975263,0.015941778,0.008315926,0.007073087,0.009033509,0.018191974,-0.002941386,
45,subint,sub,int,no,original,4.9,3.6,2.1,4,3.7,3.4,4.5,2.3,1.7,4.4,5.1,3.9,3.2,3.3,2.9,2.9,3.7,3.6,3.6,2,1.7,3.9,3.6,2.6,5.5,5.3,3.5,4.4,5.6,4.2,5.6,3.5,2.9,6.6,5.2,4.4,4.3,3.8,3.9,5.3,5,4.1,5.1,3.6,3,5.1,5.5,4.2,5.8,6.2,4.3,6.8,4.8,4,8.7,5.2,5.7,5.7,4.6,4.4,7.3,6.6,6.3,5.7,5.2,5.4,8.8,8.4,4.9,6.7,4.9,5.5,31.25904325,39.59192142,14.13716694,69.97897636,24.15256432,30.34405439,9.676890771,29.43593777,83.62919644,82.97260357,45.03787228,119.4307863,50.05872639,86.17643903,43.6202286,94.22009432,125.5557139,103.3960974,202.9561139,90.65458301,238.5240478,125.7524561,305.6439785,142.2890145,0.017264631,0.012980445,0.020328008,0.009377932,0.012786075,0.018312214,0.026417199,0.020410828,0.004515077,0.002445075,0.016727623,-0.003063117,0.017347481,0.004199095,0.021632222,0.004580298,0.009589247,0.006620291,0.018373672,0.001785253,0.015793652,0.009804929,0.023811588,0.01086651,
46,intint,int,int,yes,original,3.8,3.6,2.2,3.9,2,2.4,3.7,3.2,2.2,5.4,3.6,3,3.8,3.2,1.8,4.9,3.4,2.8,4.3,3.9,1.9,4.1,5.2,4.7,4.2,3.3,2.9,4.7,2.7,3.1,5,4.8,3.1,5.7,4.6,3.4,4.7,3.9,2.9,5.6,4.9,3.9,5.2,4.6,2.8,4.4,4,3.4,6.4,4.8,4.8,6,5.4,4.7,5.9,5.1,4.9,NA,NA,NA,5.4,4.5,2.8,6.4,5.9,4.4,5.9,5.5,4.1,5.2,3.9,3.6,25.09975451,14.82517573,21.18454466,46.1861244,18.65320638,36.98361412,28.40235378,78.90129584,31.70024067,31.0444332,61.27087422,71.6283125,42.67225301,85.14972728,55.91092446,47.30924377,115.8116716,120.1777,115.8462291,NA,56.50272197,133.3166258,106.7638847,57.4322407,0.004095898,0.012966539,0.018632153,0.007698439,0.014518085,0.014630461,0.011882242,-0.008973543,0.014396012,0.015039466,0.007077323,NA,0.003119332,0.004981286,0.007187332,0.002154446,0.010545567,0.014432032,0.011717185,NA,0.007643247,0.008843117,0.009132053,-0.002190288,
47,intint,int,int,no,original,5.2,3.6,3.4,5.5,3.6,2.6,4.1,2.7,3.5,5,5.9,3,4.6,3.7,2.9,4.4,2.8,3.7,4.2,3.9,3,4.5,5.4,2.3,5.2,4.5,3,6.4,5.1,3.8,5.7,3.5,3.8,6.6,7.2,4.8,4.6,3.9,2.7,5.4,5.3,5.3,6,5,5.1,6.1,7.8,4.8,9.3,6.5,7.4,NA,NA,NA,6.5,4.9,5.9,7,5.5,5.5,7.2,7,4.7,NA,NA,NA,10.1,7,7.6,6.4,6.6,4,50.02986301,41.51221993,30.94547304,77.76423565,39.3437356,36.50137964,39.26244689,52.38703925,57.4322407,99.53822164,59.64176208,186.6106036,39.3437356,119.1339058,120.1777,190.1519639,352.8112615,NA,148.8643679,166.3080611,193.5236783,NA,422.7240681,141.1957402,0.002420803,0.01534305,0.011511041,0.015356886,0,0.020752598,0.019626368,0.022616918,0.020865832,NA,0.010513558,-0.001323934,0.01831107,NA,0.014456875,-0.003421568,0.013755726,NA,0.011062034,0.005353241,0.011218754,NA,0.016735571,0.006982309,
48,subint,sub,int,yes,original,4.5,3.6,1.8,3.2,2.6,1.7,4.2,3.5,3.3,3.8,3.7,4,3.5,3.3,2.5,2.8,3.2,2.2,3.1,2.9,2.4,6.2,5.7,2.3,4.8,2.4,2.1,3.2,2.9,1.7,4.2,3,2.5,4.3,3.8,4.5,4,4,4.2,3.3,3.9,2.8,2.7,2.6,2.7,3.3,3.3,2.7,3.3,2.8,1.5,4.8,2.6,2.2,5.7,5.5,5,3.4,2.1,1.5,4,3.4,2.1,5.3,4.3,4.6,NA,NA,NA,4,3.7,3,25.76498675,11.61760963,38.13265163,44.23794425,23.11819494,16.03154731,17.09792167,77.91149781,19.08517537,13.29522011,24.94620916,58.16403544,52.81017251,29.08663193,14.89173823,23.32632545,11.98065993,21.71468842,123.3909602,8.651946168,23.75829444,82.43008979,NA,35.25652355,-0.005264993,0.002366361,-0.00744472,0.004801479,0.014492699,0.010451232,-0.00242369,-0.021157736,-0.005173536,0.005450937,0.017762622,-0.021172033,-0.008875246,0.011574132,NA,0.004589645,-0.005280847,0.004313565,0.008098531,-0.011253783,0.000188357,0.011292359,NA,-0.005468434,
49,intint,int,int,no,original,4.9,3.6,3.3,4.6,3.7,2.3,5,4.2,3.5,3.7,3.5,2.5,4.1,3.9,3.5,4.5,5.2,4.2,5.6,3.3,2.4,4.2,4.6,3.5,6.2,5.9,4.2,5.9,5.2,4.5,5.7,4.5,5.2,5.6,5.5,4.9,4.2,5.4,4.6,5.5,6.4,4.7,6.8,4.5,3.5,4.9,5.8,4.6,8.1,8.2,6.7,8.2,7.8,6.3,8.4,7.6,7.3,NA,NA,NA,6.9,4.2,4.9,5.7,6.8,7.3,8.3,7.7,6,8.8,5.8,6.2,45.80618804,32.51548396,58.20782138,26.15375884,44.08361351,78.07250443,35.72462086,54.10647218,124.1836233,108.999717,105.3048113,118.9281315,82.46680716,133.0572481,85.45132018,104.0621151,353.0916487,320.0972682,366.1691171,NA,112.1919678,222.5066376,305.8786162,248.8141382,0.01749723,0.021221559,0.010400691,0.02657064,0.010987855,0.00935336,0.015300118,0.011474284,0.012293722,0.012673878,0.014661602,NA,0.003621359,0.006049147,0.015002841,0.010255508,0.014587918,0.016335061,0.013136254,NA,0.006672309,0.00748085,0.015338202,0.010898231,
50,subint,sub,int,no,original,4.4,3.6,3.2,4.3,2.4,2.3,3.2,2.7,2.7,3.4,4.3,2.9,4.1,2.5,1.8,4,4.4,3.2,4.5,3,2.7,3.7,3.6,3.7,5.3,5,5.2,5.3,4,3.4,4.4,3.9,3.9,5.7,4.3,3.2,5.4,3.5,3.1,6.4,6.7,4.9,5.8,4.3,4.4,5.8,4.4,4.2,6.3,5.7,4.4,7.3,6.3,5.3,6.9,5.4,5.2,7.1,6.5,6.4,8.5,7.4,6.5,7.9,5.3,4.9,6.5,5.5,5.2,6.1,5.3,5,39.94849218,18.65065384,18.32176836,34.60778467,14.88506234,45.36459792,28.70728462,38.71482802,108.269493,56.98613454,52.56198669,62.95457153,46.1861244,169.093083,86.19784113,84.22766984,126.186585,192.8717978,152.2266574,231.9891424,322.4619057,161.3828292,146.1203831,127.067409,0.017190215,0.019257358,0.018170746,0.010316116,0.01952278,0.022684782,0.018956797,0.013401738,0.001780677,0.01417695,0.012364854,0.015166014,0.022596577,-0.000542674,0.006137043,0.004781328,0.008099794,0.016451722,0.014910427,0.013398676,0.021659344,0.008936953,0.011459718,0.008369683,
51,subint,sub,int,no,original,4.4,3.6,2.1,3.7,3.3,3.4,4.6,3,1.9,3.4,2.7,1.6,3.7,3.6,3.1,4.4,5.7,3.1,3.7,2.6,1.7,3.7,4,3.2,5.7,3.8,3.8,4.7,4.9,2.5,5.9,4.8,4,5,4.5,3.3,4.9,5.2,3.8,6.1,6.4,4.3,NA,NA,NA,4.4,5.6,4.7,6.9,5.1,4.8,6.8,5.6,4.5,5.9,5.7,4.9,7.6,6.2,4.8,8.6,6.5,7.2,6.7,5.1,4.5,6.6,6.2,4.2,NA,NA,NA,28.06934496,32.61228429,21.68602139,12.34371024,32.61228429,66.90335715,13.43286114,37.66141273,64.64455203,50.53487403,89.71131982,59.72953033,77.93113276,137.1283595,NA,91.65518027,132.7851076,136.2013933,130.164823,180.5630378,316.9344698,121.2403437,140.1652978,NA,0.014383203,0.007551287,0.024481536,0.027184136,0.015019595,0.012373591,NA,0.015334439,0.008370096,0.011528732,0.00432796,0.012863412,0.016312436,-0.00143189,NA,NA,0.010944043,0.010066518,0.012620659,0.018893897,0.016014127,0.004186801,0.016514918,NA,
52,intint,int,int,no,original,4.6,3.6,1.9,5.7,5,4.9,3.9,3.6,4.3,4.7,2.8,2.3,5.2,4.4,3.9,4.8,4,3.8,6.3,5.1,3.2,5.1,4.5,3.6,6.1,5.6,3.3,6.5,6.6,5.8,5.2,5.2,5.9,6.3,5.1,3.8,5.5,4.7,4.3,7.1,6.6,5.8,6.5,5.5,4.2,5.7,6.5,4.8,8.9,8,7.4,7.9,7.4,5.2,8.7,8.1,6.5,8.5,7.8,6.6,10,9.1,7.7,5.1,4.8,3.5,9.6,7.9,7.2,7.2,6,4.2,27.32203861,109.6920454,47.79128189,24.00314232,70.33790332,57.34034911,85.21707518,65.70071621,94.8723675,196.2395851,125.79958,97.98293692,87.47372045,214.3540083,120.0844339,142.9096754,414.4396883,246.2623795,364.1286527,346.0778467,554.1769441,68.98525133,429.7887246,147.0830849,0.021462739,0.010028611,0.016687013,0.024251872,0.003759096,0.022734902,0.005913677,0.013398327,0.017144128,0.002640247,0.01235834,0.014672912,0.02146681,-0.013182979,0.014826728,0.000334707,0.019149534,0.005695216,0.014300451,0.018792106,0.014536431,0.001302029,0.011395014,0.005675266,
53,subint,sub,int,no,original,4.2,3.6,2.3,5,3.1,2.9,4.9,5,3.1,3.5,3.6,2.7,4.5,4.2,2.7,3.1,3.1,2.8,6.1,5.5,3.9,3.9,4.4,3.7,4.9,4.8,3,5.3,3.4,3.3,6.1,5.5,4.1,5.1,4.7,3.5,5.7,4.6,4,4.4,4.7,3,6.6,5.6,4.6,6.3,6.3,4.7,5.8,4.5,3.5,6.7,5.9,5.3,6.6,6.1,4.9,6.9,7,5.1,6,5.7,5.1,6.7,5.8,5.1,7.6,7.2,6.5,6.4,5.7,4.4,28.70669557,35.34291735,63.12421754,27.27589647,42.06690738,21.1882753,105.8316171,50.24172416,58.53493972,46.71489371,110.3829995,67.33296995,82.77546863,51.22288282,134.8261611,149.677255,72.88494956,165.0215789,156.8047433,198.3580003,137.4132627,156.299536,280.0816244,128.1895466,0.01228437,0.004809742,0.009635373,0.015580114,0.011670179,0.015219627,0.004174775,0.018821302,0.002549515,0.014674572,0.004081921,0.012563064,0.005893734,0.012971952,0.008501103,-0.001801992,0.006561632,0.010851959,0.006407724,0.013972325,0.008336137,0.01407272,0.006853745,0.006596226,
54,intint,int,int,no,original,4.9,3.6,1.8,4.3,3.6,2.1,3.6,2.2,1.9,5,5.2,4.6,3.6,3,3,3.6,4.8,3.2,4.6,3.2,3.6,4.6,3.8,3.1,5.7,2.4,2.1,5.8,5.2,3.5,4.9,2.7,2.6,5.9,5.9,5.7,5.8,4.2,5.1,4.9,5.8,3.2,5.8,4.3,4.4,5.7,5.6,3.6,7.6,6.4,5.4,NA,NA,NA,NA,NA,NA,NA,NA,NA,5.7,5.4,3.5,NA,NA,NA,7.3,5.9,5.2,7.2,5.9,5.5,28.05520779,27.4314053,11.88228881,94.28704952,25.44690049,45.23893421,41.76433274,43.00172754,22.66364575,86.19784113,27.02574715,155.8826859,98.49717637,77.93113276,86.19784113,94.72844328,207.7817965,NA,NA,NA,88.65122864,NA,176.6032566,183.7266216,-0.00367952,0.019740631,0.014167949,0.008668274,0.023335068,0.009377025,0.012493146,0.013616793,0.024895802,NA,NA,NA,-0.001183348,NA,0.008059108,0.007443085,0.013809063,NA,NA,NA,0.008607696,NA,0.009943883,0.010015232,
55,intint,int,int,no,original,5.1,3.6,3.2,4.4,4.6,3.2,4.9,3.8,2.1,4.3,4.3,2.6,4.7,4.8,2.2,4.4,5.6,4.5,4.3,3.4,2.8,4.8,5.9,3.4,6.4,5.6,4.2,3.9,4.1,3.9,5.7,5,2.2,6.2,6.2,5.1,7,6.4,3.5,7.2,6.2,4.1,6.3,4.9,6,5.5,6.7,4.1,2.9,2.5,1.6,6.6,7.1,5.3,9.9,9.1,5.8,6.6,5.7,4.3,7.6,6.8,5.1,9.7,8.9,7.4,9.7,8.1,6.6,8.9,7.3,6.8,46.30393412,52.56198669,33.49114483,40.19726705,45.21929926,88.13031331,32.45500831,81.51490458,120.6874234,49.0088454,58.01893313,155.4456118,134.7095295,149.9812041,146.9682204,125.9621574,9.571843767,199.2586556,431.5564595,129.590697,211.3184444,506.0306622,411.5629711,347.4226447,0.016516845,-0.001206765,0.009473937,0.023318912,0.018820635,0.009167128,0.026040717,0.007503373,-0.028476158,0.015759584,0.022546393,-0.002043988,0.005058937,0.013663902,0.011570176,0.011399556,-0.010871732,0.009190418,0.017628395,0.008072979,0.010633395,0.01205366,0.017517981,0.009998318,
56,subint,sub,int,no,original,3.9,3.6,1.9,3.6,4.8,4.3,3.8,3.6,3.5,3.3,5.4,3.2,5.2,3.5,2.2,4.9,3.7,2.8,3.7,5.4,3.9,4.4,3.1,2.8,4.6,3.5,2.7,NA,NA,NA,4.6,5.1,4.3,4.3,7.1,4.1,5.4,4.7,3.3,5,4.1,4.1,5,4.8,3.9,NA,NA,NA,NA,NA,NA,4.9,4.1,3,8.5,6.5,5.8,NA,NA,NA,6.4,5.6,5.6,5.7,5.5,3.4,3.1,3.7,3.5,6.6,5.3,4.8,23.16433708,58.53493972,37.61232535,47.92263974,33.17286223,40.64926369,62.83440562,30.07368107,34.71931121,NA,79.80744898,105.9093715,67.85840132,66.01271563,74.30848373,NA,NA,48.50010374,252.4986373,NA,157.632553,88.65122864,31.55415661,132.19547,0.006977278,NA,0.012970432,0.01367234,0.012339501,0.00835977,0.002891765,NA,NA,NA,0.013392895,NA,0.009800506,0.003428634,-0.009959533,NA,NA,-0.001324351,0.013408972,NA,0.010975596,0.00549105,-0.004850686,0.010426981,
57,subint,sub,int,no,original,3.4,3.6,1.8,3.4,2.5,2.3,3.9,3.4,2,3.8,2.4,1.8,3.7,2.9,2.7,4.5,3.2,2.3,3.9,3.3,3.8,2.9,2.1,2.1,3.6,3.5,2.5,4.4,3.8,3.3,5.8,4.3,3.4,3.9,3.6,3.3,5.1,3.8,3.7,4.5,4.4,4.2,3.9,3.6,3.1,3.3,2.3,2,6.4,6,4.7,4.9,5.2,4.5,6.5,5.6,5.2,6.1,4.7,3.8,7.2,6.3,5.3,5.6,4.8,4.1,NA,NA,NA,4.6,3.8,4,19.46687888,15.38123763,22.32965518,13.16170242,22.78282992,26.72808125,38.60212338,10.04445711,25.44690049,43.55111356,67.52107281,36.4579864,56.32777453,65.34905419,34.37511047,11.98065993,143.8723772,90.52518866,148.8643679,86.53615139,190.2297184,87.09594393,NA,54.9511679,0.004618611,0.017944601,0.019078002,0.017566367,0.015606561,0.01541428,-0.001999561,0.003039185,NA,NA,0.009192975,0.010051183,0.014151682,0.003340318,NA,0.017711061,0.014086001,0.012482251,0.01336,0.013262331,0.014945248,0.008318983,NA,0.011967775,
58,intint,int,int,no,original,4,3.6,3,4,3.2,2.3,3.8,3.2,2.6,4.8,5.9,5.5,4.1,2.8,2.8,5.5,4.3,3.1,4.5,2.9,2.9,3.4,4,2.5,5,5.2,4.5,4.1,2.8,2.9,4.5,4.7,3.8,7,7,3.7,5.7,4.8,3.8,7.2,6.3,4.7,7.3,5,4.9,4.9,5.3,3.6,3.8,3.6,3.1,7.1,6.5,5.8,8.2,7,6.3,6.6,5.7,4.4,3.3,5.7,3.5,6.5,5.6,5.1,8.6,5.2,5.1,8.6,5.7,5.5,34.211944,23.75829444,25.09975451,122.4844144,25.24583856,59.13655471,29.72339349,28.20561154,92.37264149,26.15552599,63.83814447,157.3604125,82.77546863,171.05972,140.482795,76.20895094,33.49369738,210.9106264,284.8046163,132.19547,54.84278295,146.1203831,179.144216,211.8187431,0.0180592,0.001747796,0.016972597,0.004555546,0.021590371,0.019312063,0.028239102,0.018071963,-0.011796204,0.024271791,0.017388983,-0.002026246,-0.004786757,-0.001832348,0.002826815,0.011886651,-0.000152644,0.015708653,0.017474427,0.000548906,0.005581362,0.006507781,0.012922711,0.014505108,
59,intint,int,int,no,original,4.3,3.6,3.8,4.5,4.3,2.9,3.9,4.6,3.5,3.6,3,4.5,4.1,3.5,2.8,4.4,2.9,3.5,4.9,2.4,4.1,4.7,4.4,3.5,6.3,5.7,4.4,6.1,6,4,4.8,5,5,5.7,4.5,3.9,4.8,6.1,4.6,5.7,5.8,5,5.8,3.9,4.1,6.8,6.2,5.4,9.3,7.9,7,8.2,6.9,5.3,8.3,7.8,5.6,9,6.9,6,7.7,6.8,7.1,6.9,5.8,5.1,7.6,5.4,6,NA,NA,NA,46.23403368,45.80442089,50.24172416,39.76078202,31.95176443,35.38689965,40.64926369,57.59462177,126.186585,119.7732199,94.24777961,78.97021453,107.9042829,130.5425995,72.88494956,179.6614007,405.4015225,239.6422584,292.6291455,294.0707438,292.1125499,160.9651937,193.9336561,NA,0.018255372,0.017476718,0.011437844,0.012476176,0.022127585,0.02373378,0.01061639,0.020684451,0.01357112,0.008064501,0.013174172,0.015287786,0.01158017,0.002435913,0.011379465,NA,0.015619869,0.011904796,0.012676692,0.014395247,0.015920229,0.010898176,0.011241262,NA,
60,intint,int,int,no,original,4.1,3.6,2.8,4.2,4.3,2.9,4.1,4.1,2.6,4.5,5.4,4.3,3.9,2.4,1.1,4.3,2.7,1.8,4.1,2.3,2.3,4.3,3.5,3.6,5.1,5.7,3.4,5.3,5.9,3.9,6,4.9,4.2,5.1,5.4,4.1,3.9,2.4,1.8,6.5,4.5,3,NA,NA,NA,5.6,5.6,4.8,6.6,5,3.3,8,7.3,5.7,5.9,5.4,5,5.5,4,3.8,7.4,4.6,3.5,NA,NA,NA,6.3,5.9,4.2,7.4,6.6,4.9,32.97415649,42.75079283,36.13793664,83.13537734,9.380599314,17.09713627,17.03450077,42.56131552,82.92449794,99.94427249,97.55823287,90.37478491,13.50806301,71.79030087,NA,118.9281315,89.27503114,265.4645792,125.2992814,65.70248336,95.33045098,NA,126.186585,192.1574782,0.016767389,0.015440455,0.018056478,0.00151809,0.006629875,0.026087971,NA,0.018683157,0.000858039,0.011358938,0.00290995,-0.003707309,0.022721657,NA,NA,0.005579022,0.007165451,0.013137365,0.00894505,-0.001693048,0.016681335,NA,0.014406625,0.010844385,
